,lat,lon,date,speed,double_cross,time_in_range,cluster_proximity,searching
0,0.0,0.0,0,0.02105850726366,0,0,0,0
1,5.184467667618264e-06,-4.4026670149577285e-06,1,0.12722107768058702,0,0,0,0
2,1.1272851686783271e-05,-5.8315180915258225e-06,2,0.39977204799652005,0,0,0,0
3,4.7184527147692286e-05,3.89456010942979e-05,3,2.794369131579026,0,0,0,0
4,8.754811614863912e-05,2.8859490791788293e-05,4,4.206525904327536,0,0,0,0
5,0.000123532207304,4.84263080124947e-06,5,4.920065707416401,0,0,0,0
6,0.00017503990585500002,-3.415263594241935e-05,6,6.029876543508875,0,0,0,0
7,0.000253185160914,-6.938902687103621e-05,7,6.467133716948891,0,0,0,0
8,0.000332900760312,-0.00010450874428200001,8,7.665626499612807,0,0,0,0
9,0.00035006127106300004,-0.00017011220474,9,6.960828064901433,0,0,0,0
10,0.000366102652542,-0.000217734213494,10,6.043310568039128,0,0,0,0
11,0.00039737097805600004,-0.000272555323878,11,5.94463443328629,0,0,0,0
12,0.000402112052682,-0.00037373081451700003,12,6.697525234618792,0,0,0,0
13,0.00040149745646500003,-0.00047190347630200004,13,6.833615010077226,0,0,0,0
14,0.00040081181845100006,-0.000561156963293,14,6.697053730716935,0,0,0,0
15,0.00039627095169600005,-0.000648569615476,15,6.700556342228192,0,0,0,0
16,0.000397977435518,-0.000710619399436,16,5.337331460548745,0,0,0,0
17,0.000406759896073,-0.0007474264272600001,17,3.650520827745704,0,0,0,0
18,0.00039701795038300005,-0.000773295218319,18,2.969468534789858,0,0,0,0
19,0.000493333754448,-0.000774528051035,20,4.161450568198385,0,0,0,0
20,0.000561130349964,-0.000780830112567,21,5.384051748181755,0,0,0,0
21,0.000628137147444,-0.0007794928205910001,22,5.888824886329254,0,0,0,0
22,0.00068915540082,-0.000778275042316,23,5.684406441050996,0,0,0,0
23,0.000730600380698,-0.0007774479011480001,24,4.685841562941011,0,0,0,0
24,0.0007449072555650001,-0.0007771623655900001,25,3.384779338365744,0,0,0,0
25,0.000755776375605,-0.0007769454470060001,26,2.7992782796942652,0,0,0,0
26,0.000770300245527,-0.0007659874104080001,27,3.336073025794683,0,0,0,0
27,0.0007710163199160001,-0.000587960754959,28,5.419021043748886,0,0,0,0
28,0.0007737734082550001,-0.00048822053505700005,29,7.204795302367039,0,0,0,0
29,0.0007583171245850001,-0.00035780466351500003,30,9.039738762916645,0,0,0,0
30,0.0007365481346390001,-0.00021585087074300002,31,10.750508098162625,0,0,0,0
31,0.000731432274356,-7.572969052027645e-05,32,11.505768666504894,0,0,0,0
32,0.000730483865268,6.164961745014352e-05,33,11.56797608778498,0,0,0,0
33,0.0007301732381810001,0.00020480157833200003,34,11.684522350757144,0,0,0,0
34,0.000731882883549,0.00034256022662,35,11.408703913038096,0,0,0,0
35,0.0007377911826580001,0.00048085141162700003,36,11.232960777725973,0,0,0,0
36,0.000718839615949,0.0006132633791240001,37,11.162271376252578,0,0,0,0
37,0.00071345089178,0.0007408292660210001,38,10.784722895521657,0,0,0,0
38,0.000707634778891,0.0008533765938090001,39,10.195845686103155,0,0,0,0
39,0.0006791872334010001,0.0009475351336290001,40,9.46182403970929,0,0,0,0
40,0.00066086798553,0.0010299598026450002,41,7.940717113653269,0,0,0,0
41,0.000648750096544,0.001084482521246,42,5.880356279764159,0,0,0,0
42,0.0006416954174,0.001116223987999,43,3.722944657534753,0,0,0,0
43,0.000637608706064,0.001134611539466,52,1.355823230652255,0,0,0,0
44,0.000630450271437,0.0011668197651210001,53,2.255603827210238,0,0,0,0
45,0.0006223801615300001,0.0012031300547580002,54,2.681421677459496,0,0,0,0
46,0.000612194805931,0.001248957558894,55,3.141559394566036,0,0,0,0
47,0.0006015378902610001,0.001296906717561,56,3.496520893528413,0,0,0,0
48,0.0005919605462230001,0.0013399972136730002,57,3.097067715738627,0,0,0,0
49,0.0005862411620750001,0.00136572958406,58,2.010553737737669,0,0,0,0
50,0.000578892860211,0.0013913733805150002,60,1.655394185115823,0,0,0,0
51,0.000572371605294,0.0014182724443220001,61,2.294290915305897,0,0,0,0
52,0.0005622123216320001,0.001460177660623,62,3.330093434112384,0,0,0,0
53,0.0005509202930440001,0.0015067553444450001,63,3.84328872176208,0,0,0,0
54,0.000536931734387,0.001564455646915,64,4.509447744895866,0,0,0,0
55,0.000520130155628,0.0016337592787730002,65,5.523586067286147,0,0,0,0
56,0.0005026511115030001,0.001705857212067,66,6.228666344240129,0,0,0,0
57,0.00048276322502200004,0.0017878912659070002,67,6.674659732141473,0,0,0,0
58,0.00046339831980900004,0.0018677681881110002,68,6.881282971075092,0,0,0,0
59,0.000443485837827,0.001949903682799,69,6.934149268274394,0,0,0,0
60,0.000421906645925,0.0020338483306030003,70,6.996241910807685,0,0,0,0
61,0.00039830676885700006,0.002111343750021,71,7.028799189619335,0,0,0,0
62,0.00037591103649900004,0.0021963775922200003,72,7.310527269008805,0,0,0,0
63,0.00035733740416,0.0022913932134750003,73,7.810291319203924,0,0,0,0
64,0.000339708948033,0.002390213052274,74,8.021099065010398,0,0,0,0
65,0.000339708948033,0.002390213052274,74,8.021099065010398,0,0,0,0
66,0.000339708948033,0.002390213052274,74,8.021099065010398,0,0,0,0
67,0.000317478722116,0.0024788662198940003,75,7.726626768868638,0,1,0,0
68,0.0003033900825,0.0025596546879330002,76,6.821872386391958,0,2,0,0
69,0.000289243570222,0.0026353590486070002,77,6.742025252125638,0,3,0,0
70,0.000273372714431,0.002695856595877,78,6.237491398382625,0,4,0,0
71,0.00026341362268300005,0.002755071426898,79,5.6926842331320735,0,5,0,0
72,0.000244797252229,0.0028141219517410004,80,5.4841023858205284,0,6,0,0
73,0.000196347611307,0.002843453883235,81,5.573355182964639,0,7,0,0
74,0.000161895253448,0.002885930278043,82,5.496781903661326,0,8,0,0
75,0.00013314601034800002,0.002921375032297,83,4.91675933068232,0,9,0,0
76,0.00011400652451200001,0.0029449720720820002,84,3.594858794053243,0,10,0,0
77,9.766961839119405e-05,0.002965113766338,85,3.325093629028293,0,11,0,0
78,8.357032676542532e-05,0.002982496751011,86,2.968525999640899,0,12,0,0
79,6.647309482588071e-05,0.0030035759009990003,87,3.134173463420709,0,13,0,0
80,5.8372022351704807e-05,0.003028808629288,88,2.879585643129537,0,14,0,0
81,0.00010186481020400001,0.003178047702204,89,2.762699947652797,0,15,0,0
82,0.00010186481020400001,0.003178047702204,89,2.762699947652797,0,0,0,0
83,0.000137264536803,0.0032327236167200004,90,4.847055931914179,0,1,0,0
84,0.00018237992721,0.0033024054318920005,91,6.35520420705561,0,2,0,0
85,0.000215850219326,0.0033541010100940002,92,5.491849086484648,0,3,0,0
86,0.000234593947908,0.0033830512035680003,93,3.971429012388521,0,4,0,0
87,0.00021928385594800003,0.0034056399048830004,98,2.461450744058069,0,5,0,0
88,0.000186955066681,0.0034934438382480002,99,5.159173677870851,0,6,0,0
89,0.000126472401284,0.003568643162639,100,7.286854971137623,0,7,0,0
90,6.832529400924159e-05,0.003640938657273,101,7.997785557525611,0,8,0,0
91,8.638726576748468e-06,0.003715148424152,102,8.850779397249125,0,9,0,0
92,-5.132712896482871e-05,0.003789705036107,103,9.0806530123288,0,10,0,0
93,-0.00011506008794200001,0.003875123522112,104,9.339859962263839,0,11,0,0
94,-0.00011506008794200001,0.003875123522112,104,9.339859962263839,0,0,0,0
95,-0.00017676515416500003,0.003955406730607,105,9.33589616823228,0,1,0,0
96,-0.00024255734929500003,0.004035872985902,106,9.498361403501308,0,2,0,0
97,-0.000304040420544,0.00411021237833,107,9.19677091918574,0,3,0,0
98,-0.00036373961643200003,0.004183540525966,108,8.811426824629619,0,4,0,0
99,-0.00041816262568500004,0.004255852965039,109,8.36767011462933,0,5,0,0
100,-0.00047992735279200004,0.004331717854510001,110,7.9652063770156065,0,6,0,0
101,-0.000538667860134,0.004415125283573,111,7.906503629446333,0,7,0,0
102,-0.000589614451968,0.004502035723547001,112,7.9644719695979465,0,8,0,0
103,-0.000629767419333,0.004574858745366,113,6.74544013952783,0,9,0,0
104,-0.000667165731584,0.004619276779404,114,5.347408982067233,0,10,0,0
105,-0.000667165731584,0.004619276779404,114,5.347408982067233,0,0,0,0
106,-0.000667165731584,0.004619276779404,114,5.347408982067233,0,1,0,0
107,-0.000667165731584,0.004619276779404,114,5.347408982067233,0,0,0,0
108,-0.0006742875934900001,0.004635299906306001,115,2.872714164980919,0,1,0,0
109,-0.000677430026669,0.004648891171932,116,1.661171556245384,0,2,0,0
110,-0.000686079409454,0.004664422927605,117,1.6623512848151072,0,3,0,0
111,-0.000694828774882,0.004674599282003001,118,1.4877304798605642,0,4,0,0
112,-0.0007056183819000001,0.004689194362811001,119,1.556177984249895,0,5,0,0
113,-0.0007056183819000001,0.004689194362811001,119,1.556177984249895,0,6,0,0
114,-0.0007175362232980001,0.004715075202701,120,1.7647548222711982,0,7,0,0
115,-0.000730806646572,0.0047393966756790005,121,2.028608990929049,0,8,0,0
116,-0.000744052740344,0.004762027891295001,122,2.164892970112528,0,9,0,0
117,-0.000750421802386,0.004788879530305001,123,1.9551315926064272,0,10,0,0
118,-0.000751923921001,0.004801027346484001,124,0.9094445311082371,0,11,0,0
119,-0.000751923921001,0.004801027346484001,124,0.9094445311082371,0,12,0,0
120,-0.0007489929091730001,0.004814699304077,129,0.0,0,13,0,0
121,-0.0007489929091730001,0.004814699304077,129,0.0,0,14,0,0
122,-0.000750562172576,0.004826740491205001,133,0.0,0,15,0,0
123,-0.000750562172576,0.004826740491205001,134,0.0,0,16,0,0
124,-0.0007754286173660001,0.0048376449093430005,136,1.74169256420172,0,17,0,0
125,-0.00080006676022,0.004883293197671001,137,4.228222131455571,0,18,0,0
126,-0.0008278137007020001,0.004936557070417001,138,5.454679760842093,0,19,0,0
127,-0.000860736417358,0.004999758051933,139,6.44844186080151,0,20,0,0
128,-0.0009038607028060001,0.005074186898456,140,6.9597754801545815,0,21,0,0
129,-0.0009307291568060001,0.005155420097503,141,7.485134957003587,0,22,0,0
130,-0.0009605213572,0.0052454912372230005,142,8.341280318748955,0,23,0,0
131,-0.000970413909101,0.005341639508392001,143,8.733594706542148,0,24,0,0
132,-0.001040917546788,0.005418773971001,144,10.016336040488905,0,25,0,0
133,-0.001040917546788,0.005418773971001,144,10.016336040488905,0,0,0,0
134,-0.001136849604506,0.005473966040977001,145,10.864838892196937,0,1,0,0
135,-0.001220056733529,0.005556984649228,146,11.217979438531861,0,2,0,0
136,-0.001292665654126,0.0056607480948130005,147,11.604412358375999,0,3,0,0
137,-0.001369793631461,0.005757265990824,148,11.860895336048367,0,4,0,0
138,-0.001437831387299,0.005876633399951,149,12.266810652490392,0,5,0,0
139,-0.001501475988433,0.005991160939412,150,12.246661572670224,0,6,0,0
140,-0.0015548203632100002,0.006121850911851001,151,12.421224151328564,0,7,0,0
141,-0.0015548203632100002,0.006121850911851001,151,12.421224151328564,0,8,0,0
142,-0.001594212604061,0.006264444528193001,152,12.669733541113251,0,9,0,0
143,-0.0016368341524630001,0.006411241531433001,153,12.987980142238696,0,10,0,0
144,-0.0016705005846020002,0.006561866942854,154,13.27202262811703,0,11,0,0
145,-0.0016705005846020002,0.006561866942854,154,13.27202262811703,0,0,0,0
146,-0.0017062069825470002,0.006716753622866001,155,13.436913773706118,0,1,0,0
147,-0.001741103065576,0.006859557425837001,156,12.547929288567179,0,2,0,0
148,-0.0017991203227580002,0.006980358004192001,157,11.770524714046354,0,3,0,0
149,-0.0018444676348030001,0.0071073051751460005,158,11.795050332817738,0,4,0,0
150,-0.0018858661340880002,0.007229702899861001,159,11.180597347676906,0,5,0,0
151,-0.0018858661340880002,0.007229702899861001,159,11.180597347676906,0,0,0,0
152,-0.0018858661340880002,0.007229702899861001,159,11.180597347676906,0,1,0,0
153,-0.0018858661340880002,0.007229702899861001,159,11.180597347676906,0,0,0,0
154,-0.0019244217312460001,0.007325308408278001,160,9.509743614641547,0,1,0,0
155,-0.001963669398975,0.007423973233217001,161,9.01835825492677,0,2,0,0
156,-0.0020075588402900003,0.007528592045144,162,10.093016403382093,0,3,0,0
157,-0.002057151109433,0.007647345219281,163,11.195799970000959,0,4,0,0
158,-0.0021156340323780004,0.007774280119258001,164,12.300888729525358,0,5,0,0
159,-0.002175949065026,0.007907207619624,165,12.824432297229095,0,6,0,0
160,-0.0022380643263480004,0.008035937551277001,166,12.808034405496194,0,7,0,0
161,-0.002297413134201,0.008164881464796001,167,12.49928571932337,0,8,0,0
162,-0.002352505124498,0.008290182412077001,168,11.953704401077864,0,9,0,0
163,-0.00240587275627,0.008405482752637,169,11.07975212336721,0,10,0,0
164,-0.00240587275627,0.008405482752637,169,11.07975212336721,0,0,0,0
165,-0.0024512340586890003,0.008505943051009001,170,9.846042044146442,0,1,0,0
166,-0.0024865364110830002,0.008581896289475,171,7.51915112221772,0,2,0,0
167,-0.0025112420634480002,0.008636458459163,172,5.534859863233783,0,3,0,0
168,-0.002524847326412,0.008668650784231001,173,3.243744110835821,0,4,0,0
169,-0.002529180002191,0.008679620453785,174,1.237507644633842,0,5,0,0
170,-0.002529180002191,0.008679620453785,174,1.237507644633842,0,6,0,0
171,-0.002529180002191,0.008679620453785,179,1.237507644633842,0,7,0,0
172,-0.0025223786122120003,0.008687578506144001,182,0.0,0,8,0,0
173,-0.002531878592101,0.008672542552316,184,0.0,0,9,0,0
174,-0.002531878592101,0.008672542552316,184,0.0,0,10,0,0
175,-0.002531878592101,0.008672542552316,189,0.0,0,11,0,0
176,-0.0025260396949770003,0.00866141775071,193,0.0,0,12,0,0
177,-0.0025260396949770003,0.00866141775071,194,0.0,0,13,0,0
178,-0.0025260396949770003,0.00866141775071,199,0.0,0,14,0,0
179,-0.002520173420236,0.008650240736116001,201,0.0,0,15,0,0
180,-0.002520173420236,0.008650240736116001,204,0.0,0,16,0,0
181,-0.0025429360297760002,0.008693610205369,207,2.971773741388467,0,17,0,0
182,-0.002568472672372,0.008742264884729001,208,4.6972991688154355,0,18,0,0
183,-0.002596351029275,0.008803289541795,209,5.698462293949311,0,19,0,0
184,-0.00262825369618,0.008873438534564002,210,6.839327033664246,0,20,0,0
185,-0.002665072484603,0.008954397492452,211,7.816860114023474,0,21,0,0
186,-0.0027063599161460004,0.009045183429025001,212,8.801308276560182,0,22,0,0
187,-0.002749453553796,0.009147534708054001,213,9.708099219238312,0,23,0,0
188,-0.0027874736502720003,0.009265181952095,214,10.387485852902081,0,24,0,0
189,-0.0027874736502720003,0.009265181952095,214,10.387485852902081,0,0,0,0
190,-0.002844990154152,0.00937709740317,215,11.10570711150807,0,1,0,0
191,-0.002906599325775,0.0094938097807,216,11.683770212773233,0,2,0,0
192,-0.0029711469114270003,0.009617088473298,217,12.222753343072974,0,3,0,0
193,-0.0030334455656410002,0.00974418800494,218,12.61202953549836,0,4,0,0
194,-0.0030936364887490003,0.009877017278526001,219,12.96291080693535,0,5,0,0
195,-0.0030936364887490003,0.009877017278526001,219,12.96291080693535,0,0,0,0
196,-0.0030936364887490003,0.009877017278526001,219,12.96291080693535,0,1,0,0
197,-0.0030936364887490003,0.009877017278526001,219,12.96291080693535,0,0,0,0
198,-0.003154547780944,0.010009235395207,220,12.945675810781466,0,1,0,0
199,-0.003238892179481,0.010112326112171001,221,13.116348196376435,0,2,0,0
200,-0.0033198368888270003,0.010241335704630001,222,13.455197856646897,0,3,0,0
201,-0.003389948444024,0.010369587333977,223,13.588574299709824,0,4,0,0
202,-0.0034562242001210004,0.010507047391408,224,13.302342009389534,0,5,0,0
203,-0.0034562242001210004,0.010507047391408,224,13.302342009389534,0,0,0,0
204,-0.003517986681075,0.010640014001344001,225,12.958009664691708,0,1,0,0
205,-0.00356708583785,0.010763233444313,226,11.374647154792449,0,2,0,0
206,-0.0036101213848450005,0.010869350243352002,227,9.981409565899007,0,3,0,0
207,-0.0036484280163050003,0.010966201108272,228,9.23463319636125,0,4,0,0
208,-0.0036775719647930004,0.011072448686604001,229,8.76330807555559,0,5,0,0
209,-0.0036843414670780002,0.011175084997676001,230,8.322459647389998,0,6,0,0
210,-0.003653195589187,0.011278423243622,231,8.05597758176843,0,7,0,0
211,-0.0036213693381620003,0.011350922005430001,232,7.565385457614777,0,8,0,0
212,-0.003616462125087,0.011456821406664,233,8.250763336795359,0,9,0,0
213,-0.0035945015665310004,0.011558148538499001,234,8.697338985325057,0,10,0,0
214,-0.0035945015665310004,0.011558148538499001,234,8.697338985325057,0,0,0,0
215,-0.003570430192709,0.011665247230773002,235,9.346099029180166,0,1,0,0
216,-0.0035433187285880004,0.011784151513639,236,9.881282053112317,0,2,0,0
217,-0.0035162782687550003,0.011902046351870001,237,9.956958367510593,0,3,0,0
218,-0.003489378635435,0.012019327196396002,238,9.942593398891727,0,4,0,0
219,-0.0034631517553050002,0.01213367482209,239,9.821027386811421,0,5,0,0
220,-0.003441065826322,0.012245185387225,240,9.782344500576741,0,6,0,0
221,-0.0034320561582740004,0.012345676239458,241,8.546290425132417,0,7,0,0
222,-0.0034197648548320004,0.012415864750989,242,6.239128950922974,0,8,0,0
223,-0.0034110643771320002,0.012466953023988,243,4.179400098626491,0,9,0,0
224,-0.0034072629348780004,0.012486332136065,244,1.921834251665964,0,10,0,0
225,-0.0034072629348780004,0.012486332136065,244,1.921834251665964,0,0,0,0
226,-0.0034072629348780004,0.012486332136065,244,1.921834251665964,0,1,0,0
227,-0.0034072629348780004,0.012486332136065,244,1.921834251665964,0,0,0,0
228,-0.0034016735048320004,0.012499028889948001,248,0.0,0,1,0,0
229,-0.0033839947328430002,0.012528559689176,249,2.236019272694175,0,2,0,0
230,-0.003374133200956,0.012561836303559,250,2.668029521082999,0,3,0,0
231,-0.003364513536027,0.012617153601812,251,4.496965322755672,0,4,0,0
232,-0.0033549898403030004,0.012686462858834001,252,5.7308220230391935,0,5,0,0
233,-0.0033381581414100004,0.012772502683706001,253,7.521009784659784,0,6,0,0
234,-0.0033147941943950003,0.012875661418590001,254,8.910367005453798,0,7,0,0
235,-0.0032874400245500005,0.012992482541841,255,10.009058795706043,0,8,0,0
236,-0.003257323318692,0.013119769546952001,256,10.766109541770103,0,9,0,0
237,-0.003225473850498,0.013249227769266,257,10.992904800608256,0,10,0,0
238,-0.0031943986741180003,0.013374535518599,258,10.927060345878155,0,11,0,0
239,-0.003161955466154,0.013504065115187001,259,10.804064561271032,0,12,0,0
240,-0.003161955466154,0.013504065115187001,259,10.804064561271032,0,0,0,0
241,-0.0031277068076810003,0.013636667576914,260,11.317628243770995,0,1,0,0
242,-0.0030923527301490003,0.013767491676444001,261,11.318741623092293,0,2,0,0
243,-0.0030557514653670004,0.013900424392325,262,11.40845065865326,0,3,0,0
244,-0.0030209730992890003,0.01403133311841,263,11.185037296226737,0,4,0,0
245,-0.0029948053041690004,0.014159645353995002,264,10.594605210592352,0,5,0,0
246,-0.0029724989476130003,0.014270727375114001,265,9.551219509152915,0,6,0,0
247,-0.002948277558907,0.014379334086953001,266,8.887967033703422,0,7,0,0
248,-0.002926899284354,0.014473380870656001,267,8.01485736261314,0,8,0,0
249,-0.0029081725440170004,0.014558032859770002,268,7.028157881631785,0,9,0,0
250,-0.0028919032937500004,0.014626096503606,269,5.735495523014679,0,10,0,0
251,-0.0028919032937500004,0.014626096503606,269,5.735495523014679,0,0,0,0
252,-0.0028854912501400003,0.014651662447210001,270,2.205075397090436,0,1,0,0
253,-0.0028882986942870004,0.014648659518435001,271,0.0,0,2,0,0
254,-0.002878959741707,0.014685946532287001,274,2.636664776416589,0,3,0,0
255,-0.002872165674546,0.014718083152198,275,2.590443897191836,0,4,0,0
256,-0.0028690563967400003,0.014735664521094,276,1.835430149510878,0,5,0,0
257,-0.0028690563967400003,0.014735664521094,279,1.835430149510878,0,6,0,0
258,-0.0028605517745170003,0.014728779214141001,281,0.0,0,7,0,0
259,-0.002846789940392,0.014742437742397,283,0.0,0,8,0,0
260,-0.002836535482849,0.014770233012255002,284,2.181625234090202,0,9,0,0
261,-0.0028208094916370003,0.014805467440538001,285,3.32476865900557,0,10,0,0
262,-0.0028081652091740002,0.014840182147317001,286,3.458786180540642,0,11,0,0
263,-0.0028003496698900004,0.014882924873695,287,3.309882391182097,0,12,0,0
264,-0.002787398785685,0.014930223776792002,288,3.942174336378738,0,13,0,0
265,-0.0027656636498880004,0.015000770104975001,289,5.893531781221285,0,14,0,0
266,-0.0027656636498880004,0.015000770104975001,289,5.893531781221285,0,15,0,0
267,-0.0027656636498880004,0.015000770104975001,289,5.893531781221285,0,0,0,0
268,-0.002740141579828,0.015089241159653,290,7.668262117030963,0,1,0,0
269,-0.002712061247862,0.015199362433035001,291,9.04713202096699,0,2,0,0
270,-0.0026814193439500004,0.015335515244125,292,10.338780768990881,0,3,0,0
271,-0.002646597702906,0.015462219613363002,293,10.862797227866682,0,4,0,0
272,-0.002629953951483,0.015593544369583,294,10.910918363665452,0,5,0,0
273,-0.002598817839029,0.015721587204224,295,10.966139976128158,0,6,0,0
274,-0.002565553119367,0.015857731689616,296,11.06777551825931,0,7,0,0
275,-0.0025318766208350003,0.015995561389626,297,11.386003360740995,0,8,0,0
276,-0.002502602905288,0.016127810094292,298,11.22500255153805,0,9,0,0
277,-0.0024859366459250003,0.016255483952628002,299,10.584712980193496,0,10,0,0
278,-0.0024859366459250003,0.016255483952628002,299,10.584712980193496,0,0,0,0
279,-0.0024822050704570004,0.016366095900876003,300,9.344867558936162,0,1,0,0
280,-0.0025107937834220003,0.016455411449028002,301,8.191176513467756,0,2,0,0
281,-0.002557539297832,0.016530225417826002,302,7.9909936103944865,0,3,0,0
282,-0.0026346144700530004,0.016576363124793003,303,8.710241510967618,0,4,0,0
283,-0.002725396102306,0.016544785537199,304,9.456958121022979,0,5,0,0
284,-0.002819563257595,0.016568143032111002,305,10.365903489575942,0,6,0,0
285,-0.0029210800586980004,0.016613077240769002,306,10.998463337789392,0,7,0,0
286,-0.0030152465293930004,0.016604170073936,307,9.582571886993156,0,8,0,0
287,-0.0030812770596210003,0.016609481508950003,308,7.00132974474824,0,9,0,0
288,-0.0031172609717910003,0.016612368565871,309,3.9678689850908073,0,10,0,0
289,-0.0031172609717910003,0.016612368565871,309,3.9678689850908073,0,0,0,0
290,-0.0031437210840570004,0.016617614713132,310,3.041421604039909,0,1,0,0
291,-0.0031695702958380004,0.016622209325882,311,2.8436300419555502,0,2,0,0
292,-0.0031906246453410002,0.016625746941004,312,2.348597015691225,0,3,0,0
293,-0.003216187298839,0.016631109712720003,313,2.988133995100614,0,4,0,0
294,-0.0032610938730490003,0.016641202207658003,314,5.234032736314453,0,5,0,0
295,-0.0033189335058870003,0.016655103547986,315,6.702496657137089,0,6,0,0
296,-0.0033837297163040003,0.016671062585892002,316,7.389368501554823,0,7,0,0
297,-0.0034340036600110004,0.016683739549216002,317,6.04054488637164,0,8,0,0
298,-0.003468186577421,0.016692837819231,318,4.088306462312994,0,9,0,0
299,-0.0034888336174390003,0.01670060882442,319,2.706032499060922,0,10,0,0
300,-0.0035005616234110005,0.016702497081936,320,1.4135912943597861,0,11,0,0
301,-0.003508937709149,0.016707770570448,322,0.0,0,12,0,0
302,-0.003508937709149,0.016707770570448,324,0.0,0,13,0,0
303,-0.003507488469608,0.016720569491637,325,0.0,0,14,0,0
304,-0.0035133715727580003,0.016738345646508,329,0.0,0,15,0,0
305,-0.0035133715727580003,0.016738345646508,329,0.0,0,16,0,0
306,-0.0035107745053220003,0.016753133665936,330,0.0,0,17,0,0
307,-0.0035107745053220003,0.016753133665936,334,0.0,0,18,0,0
308,-0.0035183543454380003,0.016744583765742,335,0.0,0,19,0,0
309,-0.0035313211262740004,0.016747926923397,337,0.0,0,20,0,0
310,-0.0035313211262740004,0.016747926923397,339,0.0,0,21,0,0
311,-0.0035465643832990005,0.016751857028301002,340,0.0,0,22,0,0
312,-0.003559157534972,0.016755103852652,341,0.0,0,23,0,0
313,-0.0035700576330480005,0.016757914185236002,342,0.0,0,24,0,0
314,-0.0036187704938080005,0.016767068295388002,343,2.919415406039179,0,25,0,0
315,-0.003657758450358,0.016753888884597,344,3.475022665089885,0,26,0,0
316,-0.003657758450358,0.016753888884597,344,3.475022665089885,0,0,0,0
317,-0.003693116928467,0.01675651031835,345,4.149156660102371,0,1,0,0
318,-0.003736728208295,0.016764781530982,346,4.691491900917916,0,2,0,0
319,-0.003775857576698,0.016773933107941,347,4.767315412818983,0,3,0,0
320,-0.0038158227419480004,0.01678442388237,348,4.8167173476494085,0,4,0,0
321,-0.0038563939843280002,0.016794808666517003,349,4.622704006145661,0,5,0,0
322,-0.003896016565654,0.016804680750230002,350,4.649059400749738,0,6,0,0
323,-0.003939593982458,0.016816027822125,351,5.258260542414589,0,7,0,0
324,-0.003991647839818,0.016828104797477,352,5.765630714286344,0,8,0,0
325,-0.004036723805612001,0.01686633142383,353,5.844516726400781,0,9,0,0
326,-0.004070876234841,0.016876287752557,354,5.629628197367657,0,10,0,0
327,-0.004070876234841,0.016876287752557,354,5.629628197367657,0,11,0,0
328,-0.004070876234841,0.016876287752557,354,5.629628197367657,0,0,0,0
329,-0.00407895115093,0.016888879200633002,355,5.160799076539444,0,1,0,0
330,-0.004036498046545,0.01704638073323,356,5.721856948674824,0,2,0,0
331,-0.004014449356532,0.017132581729887002,357,7.205269585820508,0,3,0,0
332,-0.003988425205143,0.017234325162206,358,8.485001078769342,0,4,0,0
333,-0.003960191084829001,0.017344708561923,359,9.150654519562451,0,5,0,0
334,-0.003931830543947,0.017455586282238002,360,9.292814335905556,0,6,0,0
335,-0.0039043374732510004,0.017561717327941002,361,8.83473967780951,0,7,0,0
336,-0.0038745686346210004,0.017657985018191002,362,8.551262097405683,0,8,0,0
337,-0.003848708855088,0.017756384326796,363,8.711990628139898,0,9,0,0
338,-0.00382167255703,0.017858484817471,364,8.911505325022622,0,10,0,0
339,-0.00382167255703,0.017858484817471,364,8.911505325022622,0,0,0,0
340,-0.003789961439352,0.017971682939876003,365,9.81242524429432,0,1,0,0
341,-0.003758243892697,0.018092499927137,366,10.42163834789639,0,2,0,0
342,-0.0037314391720850004,0.018204676401769003,367,9.806169296886132,0,3,0,0
343,-0.0037106862507200002,0.018290505487714,368,7.419885380061711,0,4,0,0
344,-0.0036961972367630003,0.018349523656921,369,5.201257972562426,0,5,0,0
345,-0.0036859852646380004,0.018392581970925,370,3.377436021263545,0,6,0,0
346,-0.0036791471918600003,0.018418024743922002,371,1.714586353105244,0,7,0,0
347,-0.0036751544861380004,0.018433249482903,373,0.0,0,8,0,0
348,-0.0036716040943780004,0.018445058157142,374,0.0,0,9,0,0
349,-0.0036716040943780004,0.018445058157142,374,0.0,0,10,0,0
350,-0.0036701914444060004,0.018458510800341003,375,0.0,0,11,0,0
351,-0.0036645683489870003,0.018486628005595,376,0.0,0,12,0,0
352,-0.0036504946079740004,0.018527845982367,377,2.730174866260562,0,13,0,0
353,-0.0036316807884090004,0.018599826119869,378,4.9767611344779645,0,14,0,0
354,-0.003612220313407,0.018677023189999,379,5.379105772938823,0,15,0,0
355,-0.003612220313407,0.018677023189999,379,5.379105772938823,0,0,0,0
356,-0.0035973337811860003,0.018740292091884003,380,5.315033913593212,0,1,0,0
357,-0.0035799710452120003,0.018814307477970003,381,6.196553954050635,0,2,0,0
358,-0.0035602649543800004,0.01890822957336,382,7.1570384157201214,0,3,0,0
359,-0.0035407825978160004,0.019004469349628003,383,7.5799204827326765,0,4,0,0
360,-0.0035206498222200002,0.019097905274179,384,7.44332902005827,0,5,0,0
361,-0.0034982340919560003,0.019191092223382,385,7.084548407959633,0,6,0,0
362,-0.0034755098629300003,0.019268962415578003,386,5.737542835911792,0,7,0,0
363,-0.0034614707842940003,0.019318353371707002,387,3.643741691459782,0,8,0,0
364,-0.0034572978650970003,0.019336593515399,388,1.161236277627558,0,9,0,0
365,-0.0034572978650970003,0.019336593515399,389,1.161236277627558,0,10,0,0
366,-0.0034572978650970003,0.019336593515399,389,1.161236277627558,0,0,0,0
367,-0.0034572978650970003,0.019336593515399,394,1.161236277627558,0,1,0,0
368,-0.0034534221491630004,0.019350988187095002,398,0.0,0,2,0,0
369,-0.0034534221491630004,0.019350988187095002,399,0.0,0,3,0,0
370,-0.0034497164932360005,0.019365481191957003,404,0.0,0,4,0,0
371,-0.0034497164932360005,0.019365481191957003,404,0.0,0,5,0,0
372,-0.003436585660132,0.019366018689085003,408,0.0,0,6,0,0
373,-0.003436585660132,0.019366018689085003,409,0.0,0,7,0,0
374,-0.0034275071958940004,0.019364976391326002,413,0.0,0,8,0,0
375,-0.0034275071958940004,0.019364976391326002,414,0.0,0,9,0,0
376,-0.0034409492836850004,0.019370412088626002,415,0.0,0,10,0,0
377,-0.0034409492836850004,0.019370412088626002,419,0.0,0,11,0,0
378,-0.0034409492836850004,0.019370412088626002,424,0.0,0,12,0,0
379,-0.0034409492836850004,0.019370412088626002,429,0.0,0,13,0,0
380,-0.0034409492836850004,0.019370412088626002,434,0.0,0,14,0,0
381,-0.003430147277832,0.019416133920220003,438,2.841069207406634,0,15,0,0
382,-0.003413749467739,0.019485541045838002,439,5.603184766057919,0,16,0,0
383,-0.0033931776684920003,0.019572615688447002,440,7.266482609991547,0,17,0,0
384,-0.003366250489541,0.019673962442302,441,8.641768126812435,0,18,0,0
385,-0.0033368853109220003,0.019781984092157003,442,9.583713671062794,0,19,0,0
386,-0.0033047274567860004,0.019900278649373,443,10.440441466595718,0,20,0,0
387,-0.0032717501850350003,0.020021587579714003,444,10.721550789965448,0,21,0,0
388,-0.0032717501850350003,0.020021587579714003,444,10.721550789965448,0,0,0,0
389,-0.003239975660129,0.020138470942141003,445,10.576993656149025,0,1,0,0
390,-0.0031797178188450004,0.020247891552502003,446,10.962724376370739,0,2,0,0
391,-0.0031453258376640003,0.020375598250467003,447,11.472878932441539,0,3,0,0
392,-0.0031085500095990003,0.020514865781244,448,12.117216152186476,0,4,0,0
393,-0.003075972485014,0.020659211897646003,449,12.577471586293852,0,5,0,0
394,-0.0030405580940210002,0.020803436400777,450,12.713778047040174,0,6,0,0
395,-0.0030425833199950003,0.020963719259217,451,12.89246745092984,0,7,0,0
396,-0.0030086559234940003,0.021102939212317002,452,12.580209813604782,0,8,0,0
397,-0.0030086559234940003,0.021102939212317002,452,12.580209813604782,0,9,0,0
398,-0.0029430357745210004,0.021220971745485002,453,12.361053072996725,0,10,0,0
399,-0.0029131026860720003,0.021357885395367003,454,12.197563898106724,0,11,0,0
400,-0.0029131026860720003,0.021357885395367003,454,12.197563898106724,0,0,0,0
401,-0.0028762556263750003,0.021489943832184003,455,12.155404249600679,0,1,0,0
402,-0.002848328159295,0.021628060729357003,456,12.241825325347746,0,2,0,0
403,-0.0028437123512290003,0.021779127802926002,457,12.398908000248872,0,3,0,0
404,-0.0028074778453150004,0.021926471424862003,458,12.450954529207559,0,4,0,0
405,-0.002779056494453,0.022075448794138003,459,12.513178171515955,0,5,0,0
406,-0.002779056494453,0.022075448794138003,459,12.513178171515955,0,0,0,0
407,-0.002779056494453,0.022075448794138003,459,12.513178171515955,0,1,0,0
408,-0.002779056494453,0.022075448794138003,459,12.513178171515955,0,0,0,0
409,-0.002746604527068,0.022219380659576002,460,12.420208085589438,0,1,0,0
410,-0.0027111174470980004,0.022365770471123002,461,12.312420441388433,0,2,0,0
411,-0.002674836597719,0.022509131563111,462,12.027380837875551,0,3,0,0
412,-0.0026412209409370003,0.022642200877248,463,11.48976571392248,0,4,0,0
413,-0.0026105847887970004,0.022762893427147,464,10.529757493823272,0,5,0,0
414,-0.0026105847887970004,0.022762893427147,464,10.529757493823272,0,0,0,0
415,-0.002581144952408,0.022878889037931,465,9.588890102868996,0,1,0,0
416,-0.0025535621183150003,0.022982617144881003,466,8.754321117576241,0,2,0,0
417,-0.00252911727486,0.023076502708093003,467,8.374917693552176,0,3,0,0
418,-0.002502776004462,0.023173839281355003,468,8.195058668906126,0,4,0,0
419,-0.0024746616766570004,0.023274159344280003,469,8.509493023052263,0,5,0,0
420,-0.002442592899939,0.023388553373919003,470,9.831058896412605,0,6,0,0
421,-0.0024067289370100003,0.023515095858307,471,11.010150866266356,0,7,0,0
422,-0.002370330154228,0.023652429906288002,472,11.979420163665774,0,8,0,0
423,-0.002335675291512,0.023803800537445,473,12.770196742425597,0,9,0,0
424,-0.0022985986846530003,0.023947417900417003,474,12.827654746866648,0,10,0,0
425,-0.0022985986846530003,0.023947417900417003,474,12.827654746866648,0,0,0,0
426,-0.0022733025622650002,0.024087269610628,475,12.327278426046165,0,1,0,0
427,-0.0022456370747290003,0.0242202060163,476,11.876919285084444,0,2,0,0
428,-0.00221230738218,0.024359190729123,477,11.96818673867899,0,3,0,0
429,-0.0021793072512600003,0.024496571571484,478,12.31788318116911,0,4,0,0
430,-0.002144202782723,0.02463873093686,479,12.833724678094399,0,5,0,0
431,-0.002144202782723,0.02463873093686,479,12.833724678094399,0,6,0,0
432,-0.002144202782723,0.02463873093686,479,12.833724678094399,0,0,0,0
433,-0.002106147597736,0.024788172337411003,480,13.09634114856277,0,1,0,0
434,-0.002066364035719,0.024939828643868,481,13.096438509135128,0,2,0,0
435,-0.002027324535951,0.025086112025649,482,12.709674674076295,0,3,0,0
436,-0.00199077383047,0.025225655653883003,483,12.119426899131124,0,4,0,0
437,-0.001954167916977,0.025366933065454,484,11.779580768215208,0,5,0,0
438,-0.001954167916977,0.025366933065454,484,11.779580768215208,0,0,0,0
439,-0.0019184174257200002,0.025499596560182,485,11.985658543692148,0,1,0,0
440,-0.0018813751595410002,0.025641722239546003,486,12.326074821014226,0,2,0,0
441,-0.0018419491416920002,0.025786761516446002,487,12.526290054490415,0,3,0,0
442,-0.0018020315870540002,0.02593121242732,488,12.271135325834187,0,4,0,0
443,-0.00176217226366,0.026070827276384,489,11.431468503047418,0,5,0,0
444,-0.00176217226366,0.026070827276384,489,11.431468503047418,0,0,0,0
445,-0.0017329254773200001,0.026183952166260002,490,9.405441544448935,0,1,0,0
446,-0.0017118462821770002,0.026271408746646,491,7.282957260612146,0,2,0,0
447,-0.0016953298406930002,0.026337825848502004,492,5.437021927556596,0,3,0,0
448,-0.001686575743761,0.026380927036843003,493,3.589613595554967,0,4,0,0
449,-0.00168523099397,0.026413736591823,494,2.721440687777735,0,5,0,0
450,-0.0016747310395210002,0.026442706582304003,495,2.318368052205689,0,6,0,0
451,-0.0016692991995620001,0.026481239843832,496,1.9686277511217392,0,7,0,0
452,-0.001664112456332,0.026506761216708002,497,1.680647071004362,0,8,0,0
453,-0.001657267080474,0.026544647780559,498,1.530072755689226,0,9,0,0
454,-0.0016420497170770002,0.026571137663461003,499,1.5787637686813532,0,10,0,0
455,-0.0016420497170770002,0.026571137663461003,499,1.5787637686813532,0,11,0,0
456,-0.0016301547851540002,0.026622066069517003,500,2.961961485869198,0,12,0,0
457,-0.001614880711578,0.026669986728009003,501,3.53835943756044,0,13,0,0
458,-0.0015954308744380002,0.026726320254397,502,4.018925003237987,0,14,0,0
459,-0.0015732247498260001,0.026791051536715002,503,4.543764973049261,0,15,0,0
460,-0.00155435344515,0.026860037342919002,504,4.742519656443451,0,16,0,0
461,-0.00155435344515,0.026860037342919002,504,4.742519656443451,0,0,0,0
462,-0.001538482609312,0.026915137876269,505,4.26847607441304,0,1,0,0
463,-0.0015261607345060002,0.026962533678400003,506,3.435145780064671,0,2,0,0
464,-0.0015194756012130001,0.027005717053894002,507,2.7323477792702393,0,3,0,0
465,-0.0015117955833970002,0.027049484168518004,508,2.300795375263261,0,4,0,0
466,-0.0015019317519740002,0.027089143148669004,509,1.64028848851865,0,5,0,0
467,-0.0015019317519740002,0.027089143148669004,509,1.64028848851865,0,6,0,0
468,-0.0015019317519740002,0.027089143148669004,509,1.64028848851865,0,0,0,0
469,-0.001498767082871,0.027110386459403002,510,0.0,0,1,0,0
470,-0.001501296590802,0.027133097569752,511,0.0,0,2,0,0
471,-0.001505833736992,0.027146313485193002,512,0.0,0,3,0,0
472,-0.0015072014298310001,0.027161473831082004,513,0.0,0,4,0,0
473,-0.0015072014298310001,0.027161473831082004,514,0.0,0,5,0,0
474,-0.001501175365994,0.027183004367504003,515,0.0,0,6,0,0
475,-0.00149847831647,0.02720633894893,517,0.0,0,7,0,0
476,-0.0014900934451270002,0.027225676988452,519,0.0,0,8,0,0
477,-0.0014900934451270002,0.027225676988452,519,0.0,0,9,0,0
478,-0.0014900934451270002,0.027225676988452,524,0.0,0,10,0,0
479,-0.001488496084576,0.027238439554594002,525,0.0,0,11,0,0
480,-0.001484824676396,0.027252470696861004,529,0.0,0,12,0,0
481,-0.001484824676396,0.027252470696861004,529,0.0,0,13,0,0
482,-0.001475968749325,0.027259800469281004,533,0.0,0,14,0,0
483,-0.001475968749325,0.027259800469281004,534,0.0,0,15,0,0
484,-0.001475968749325,0.027259800469281004,539,0.0,0,16,0,0
485,-0.001468459703509,0.027267895794953003,540,0.0,0,17,0,0
486,-0.001468459703509,0.027267895794953003,544,0.0,0,18,0,0
487,-0.00146088997112,0.0272781767687,549,0.0,0,19,0,0
488,-0.00146088997112,0.0272781767687,549,0.0,0,20,0,0
489,-0.0014589943712260002,0.027301510004694003,552,0.0,0,21,0,0
490,-0.0014528638250290002,0.02733227083379,553,2.242582108482792,0,22,0,0
491,-0.0014514511892250001,0.027360503484089003,554,2.551389667480274,0,23,0,0
492,-0.001440477649474,0.027403581759568002,555,3.507561474058712,0,24,0,0
493,-0.0014252064799150001,0.027450602714365002,556,4.025635205537204,0,25,0,0
494,-0.0014103717821490002,0.027505502657271003,557,4.575035692068989,0,26,0,0
495,-0.0013980561114970002,0.02756513035063,558,4.73942072279739,0,27,0,0
496,-0.001388525302807,0.027623192862018003,559,4.248728162648232,0,28,0,0
497,-0.0013784940654770002,0.027677186761858003,560,3.902005918120098,0,29,0,0
498,-0.0013629005901230002,0.027730639565442004,561,4.389917989527723,0,30,0,0
499,-0.001346672610452,0.027786270389212,562,4.646978698214807,0,31,0,0
500,-0.001331160466371,0.027833277855958002,563,4.2372823369437445,0,32,0,0
501,-0.001319632033919,0.027877648783370002,564,3.84579382607843,0,33,0,0
502,-0.001319632033919,0.027877648783370002,564,3.84579382607843,0,0,0,0
503,-0.001355181495384,0.027940972827058003,565,3.57636686944778,0,1,0,0
504,-0.00134503446501,0.027983526897777004,566,3.988067059408655,0,2,0,0
505,-0.001331763471256,0.028039181958911003,567,4.946623670582821,0,3,0,0
506,-0.001316441686853,0.028103437595946003,568,5.258384917780157,0,4,0,0
507,-0.001302240434299,0.028162904601222002,569,5.1994420752325095,0,5,0,0
508,-0.001245113961211,0.028203636896726003,570,5.100649823884147,0,6,0,0
509,-0.001233370654674,0.028261239600073002,571,5.026079402423083,0,7,0,0
510,-0.0012220352292040002,0.028321184483687003,572,5.287649283476613,0,8,0,0
511,-0.001207362371879,0.028385800312161,573,5.70248582942525,0,9,0,0
512,-0.001190313499911,0.028455242881504004,574,6.173326524185096,0,10,0,0
513,-0.001175933346587,0.028520960316637003,575,6.032281606088174,0,11,0,0
514,-0.001165177918167,0.028579463136660002,576,5.414592452839983,0,12,0,0
515,-0.0011544646922340002,0.028631346334137,577,4.736971637977928,0,13,0,0
516,-0.0011436778513310001,0.02867530381421,578,4.094573459682127,0,14,0,0
517,-0.0011342317189990002,0.028712553549310002,579,3.579224928968625,0,15,0,0
518,-0.0011342317189990002,0.028712553549310002,579,3.579224928968625,0,0,0,0
519,-0.001126813768763,0.028747846083462,580,2.951080075609644,0,1,0,0
520,-0.0011181615976730002,0.028771719496388,581,2.088679957987754,0,2,0,0
521,-0.0011105523160130002,0.028783871927243004,589,0.0,0,3,0,0
522,-0.0011105523160130002,0.028783871927243004,589,0.0,0,4,0,0
523,-0.001107381416538,0.028817776521494,590,1.9758773109040382,0,5,0,0
524,-0.001097711466691,0.028855253846467,591,3.243732269108894,0,6,0,0
525,-0.0010926103806020002,0.02889440003522,592,3.241543719851248,0,7,0,0
526,-0.001082986712759,0.028927843970064003,593,3.021205883689322,0,8,0,0
527,-0.001078329441774,0.028967111469421002,594,2.88640802111413,0,9,0,0
528,-0.001069464476053,0.028992273757582003,595,2.486022985839457,0,10,0,0
529,-0.001064475257372,0.029030873913672,596,2.499173338298611,0,11,0,0
530,-0.0010606697739270002,0.029068812381257,597,2.649893887400813,0,12,0,0
531,-0.001057499049494,0.029112739456554,598,3.057223693019519,0,13,0,0
532,-0.001049493923133,0.029149108957838003,599,3.462578065716071,0,14,0,0
533,-0.001042077625719,0.029200211150277003,600,3.905765697827656,0,15,0,0
534,-0.001014433514981,0.029252000668416003,601,4.360342387267157,0,16,0,0
535,-0.000995445054279,0.029308812834841002,602,4.6329905049769184,0,17,0,0
536,-0.0009734941657910001,0.029361897954142003,603,4.727369580732703,0,18,0,0
537,-0.0009576166346360001,0.029407092377907004,604,4.35905523408325,0,19,0,0
538,-0.0009576166346360001,0.029407092377907004,604,4.35905523408325,0,0,0,0
539,-0.0009576166346360001,0.029407092377907004,604,4.35905523408325,0,1,0,0
540,-0.0009576166346360001,0.029407092377907004,604,4.35905523408325,0,0,0,0
541,-0.000945560429016,0.029461736892173,605,4.440100558639446,0,1,0,0
542,-0.000928703136771,0.029524909449083002,606,4.967179929909236,0,2,0,0
543,-0.0009115088795110001,0.029587830047958,607,5.442417970307705,0,3,0,0
544,-0.0008902983171870001,0.029662725286691,608,5.890978214422114,0,4,0,0
545,-0.000871052323674,0.029746222011379,609,6.484000647363511,0,5,0,0
546,-0.0008490616345540001,0.029831591738506004,610,6.570554250889483,0,6,0,0
547,-0.0008254793775530001,0.029903004896667,611,6.05628608378653,0,7,0,0
548,-0.0008059528158170001,0.029979853672438002,612,5.739373448162143,0,8,0,0
549,-0.00079156016946,0.030045296712884,613,4.802402392546486,0,9,0,0
550,-0.000778921843263,0.030098959845998002,614,3.640565485848466,0,10,0,0
551,-0.000778921843263,0.030098959845998002,614,3.640565485848466,0,0,0,0
552,-0.000770757257164,0.030138810312495,615,2.419674882736331,0,1,0,0
553,-0.000831467912291,0.030179789029862004,616,0.0,0,2,0,0
554,-0.0008260777032440001,0.030202113223236002,617,0.0,0,3,0,0
555,-0.0008202916584840001,0.030226076669119,618,0.0,0,4,0,0
556,-0.0008085314291570001,0.030274782513851003,619,3.056174415750804,0,5,0,0
557,-0.0007999079220510001,0.030305597042552004,620,4.375267404178106,0,6,0,0
558,-0.000826444433386,0.030369216108415004,621,4.867892593888311,0,7,0,0
559,-0.0008895165011750001,0.030383809569464,622,5.983554111304347,0,8,0,0
560,-0.0009509653281080001,0.030416018559973,623,6.275970257870318,0,9,0,0
561,-0.001005480118564,0.030442122245176003,624,6.062553056823398,0,10,0,0
562,-0.0010569859619870001,0.030470719769798003,625,5.7975747792597545,0,11,0,0
563,-0.001101327654851,0.030485418050544003,626,5.313603967362014,0,12,0,0
564,-0.001152704241647,0.030519008256007004,627,5.739133064305661,0,13,0,0
565,-0.001217230175022,0.030555382183646004,628,6.209420840219134,0,14,0,0
566,-0.0012777814887740002,0.030585240829877004,629,5.989092432472458,0,15,0,0
567,-0.0012777814887740002,0.030585240829877004,629,5.989092432472458,0,0,0,0
568,-0.0013314574840490002,0.030608512404791004,630,5.682612695327823,0,1,0,0
569,-0.0013764069717220001,0.030629476501019003,631,4.90114284758776,0,2,0,0
570,-0.001408151167424,0.030644490873854003,632,3.5450938551068383,0,3,0,0
571,-0.00144243393305,0.030659620911269003,633,3.355771391749135,0,4,0,0
572,-0.001473605648882,0.030672163641957004,634,3.11545384813057,0,5,0,0
573,-0.001505904198054,0.030685908654694,635,3.068995680681236,0,6,0,0
574,-0.001535497719437,0.030698910569190004,636,3.140034185150209,0,7,0,0
575,-0.0015604987570080001,0.030709719487363004,637,2.736395765684692,0,8,0,0
576,-0.0015789607736630001,0.030717164963668,638,2.157290590667006,0,9,0,0
577,-0.001596215129069,0.030724265250114003,639,1.6413342976306762,0,10,0,0
578,-0.001596215129069,0.030724265250114003,639,1.6413342976306762,0,11,0,0
579,-0.0016056465907460001,0.030727960304519002,640,0.960364770918222,0,12,0,0
580,-0.001614865955346,0.030728416920126,642,0.0,0,13,0,0
581,-0.001614865955346,0.030728416920126,644,0.0,0,14,0,0
582,-0.0016250141266800002,0.030731348522818003,645,0.0,0,15,0,0
583,-0.0016375214884120002,0.030736321871385003,646,0.0,0,16,0,0
584,-0.0016616767250070001,0.030748091256429,647,1.925120215219633,0,17,0,0
585,-0.0016850522162240001,0.030756298822502002,648,2.6273899617427343,0,18,0,0
586,-0.001713532107039,0.030771428157391003,649,3.235570279602261,0,19,0,0
587,-0.001744060504748,0.030786004808120004,650,3.451013946635649,0,20,0,0
588,-0.0017728466355390001,0.030800688832185,651,3.452996470346361,0,21,0,0
589,-0.001799559183005,0.030814040918389,652,3.246154937953467,0,22,0,0
590,-0.0018251213969900002,0.030826496001830003,653,2.9852226431525963,0,23,0,0
591,-0.0018456172260880002,0.030832958583483002,654,2.000343274601867,0,24,0,0
592,-0.0018456172260880002,0.030832958583483002,654,2.000343274601867,0,0,0,0
593,-0.0018567123845860001,0.030837269871254003,655,0.9598081512836,0,1,0,0
594,-0.001866597162262,0.030843458758759,658,0.0,0,2,0,0
595,-0.001866597162262,0.030843458758759,659,0.0,0,3,0,0
596,-0.001866597162262,0.030843458758759,664,0.0,0,4,0,0
597,-0.001866597162262,0.030843458758759,669,0.0,0,5,0,0
598,-0.001866597162262,0.030843458758759,674,0.0,0,6,0,0
599,-0.001866597162262,0.030843458758759,679,0.0,0,7,0,0
600,-0.001875853667336,0.030840127047637004,680,0.0,0,8,0,0
601,-0.001875853667336,0.030840127047637004,684,0.0,0,9,0,0
602,-0.0018862188112150002,0.030845932932423003,687,0.0,0,10,0,0
603,-0.0018862188112150002,0.030845932932423003,689,0.0,0,11,0,0
604,-0.001896074104116,0.03085113646283,692,0.0,0,12,0,0
605,-0.001896074104116,0.03085113646283,694,0.0,0,13,0,0
606,-0.0019069743736530001,0.030847596736139002,697,0.0,0,14,0,0
607,-0.0019069743736530001,0.030847596736139002,699,0.0,0,15,0,0
608,-0.0019069743736530001,0.030847596736139002,704,0.0,0,16,0,0
609,-0.0019022781279070002,0.030858041639744004,708,0.0,0,17,0,0
610,-0.0019022781279070002,0.030858041639744004,709,0.0,0,18,0,0
611,-0.0019150505810400001,0.030866233583509,714,0.0,0,19,0,0
612,-0.0019150505810400001,0.030866233583509,714,0.0,0,20,0,0
613,-0.0019238260749210002,0.030878175723126,716,0.0,0,21,0,0
614,-0.0019539228437110002,0.030887991503645,717,2.793628877508616,0,22,0,0
615,-0.0019720865071730003,0.030892219840417002,718,2.523492162864967,0,23,0,0
616,-0.00199123685762,0.030898036085597002,719,2.260298078532691,0,24,0,0
617,-0.002006481389258,0.030902449432479003,720,1.578005581749828,0,25,0,0
618,-0.002016632950756,0.030905674542344004,721,1.150703225074167,0,26,0,0
619,-0.0020309983411830003,0.030906324002829003,723,0.0,0,27,0,0
620,-0.0020309983411830003,0.030906324002829003,724,0.0,0,28,0,0
621,-0.002045148140268,0.030909909828897002,725,0.0,0,29,0,0
622,-0.0020573664612720003,0.030914071563691,726,0.0,0,30,0,0
623,-0.0020802620640050003,0.030922179121784004,727,1.9879168634237652,0,31,0,0
624,-0.0020970596451870003,0.030932196857923002,728,2.071223284709926,0,32,0,0
625,-0.0021182936471,0.03094414768126,729,2.257195857157321,0,33,0,0
626,-0.00213018760882,0.030953832115001002,730,1.8085697360383932,0,34,0,0
627,-0.002144572972071,0.030965166952071,731,1.6620700062626992,0,35,0,0
628,-0.002155431441209,0.030976447813692003,732,1.465094493592983,0,36,0,0
629,-0.002166021542393,0.030987284534143,733,1.496842391435007,0,37,0,0
630,-0.0021759438736730003,0.031002079923506003,734,1.288442504514852,0,38,0,0
631,-0.0021759438736730003,0.031002079923506003,734,1.288442504514852,0,39,0,0
632,-0.002182282576001,0.031011160806064003,735,1.211295688888571,0,40,0,0
633,-0.002190855485665,0.031023404790399004,736,1.292745578167338,0,41,0,0
634,-0.002190855485665,0.031023404790399004,739,1.292745578167338,0,42,0,0
635,-0.0021843514054460003,0.031034869882748003,740,0.0,0,43,0,0
636,-0.0021843514054460003,0.031034869882748003,744,0.0,0,44,0,0
637,-0.0021843514054460003,0.031034869882748003,749,0.0,0,45,0,0
638,-0.0021894550156380003,0.031047627783276,752,0.0,0,46,0,0
639,-0.0021916205426740004,0.031049334530690004,753,0.0,0,47,0,0
640,-0.0021916205426740004,0.031049334530690004,754,0.0,0,48,0,0
641,-0.0022032532265390003,0.031036405661993,755,0.0,0,49,0,0
642,-0.002197022374026,0.031056257513778003,756,0.0,0,50,0,0
643,-0.0022053810259090004,0.031038039444604003,757,0.0,0,51,0,0
644,-0.0022053810259090004,0.031038039444604003,759,0.0,0,52,0,0
645,-0.0022053810259090004,0.031038039444604003,764,0.0,0,53,0,0
646,-0.00221593026869,0.031046139420174004,767,0.0,0,54,0,0
647,-0.0022281663785220004,0.031055534640321004,769,0.0,0,55,0,0
648,-0.0022281663785220004,0.031055534640321004,769,0.0,0,56,0,0
649,-0.002236274296471,0.031061760121756002,770,0.0,0,57,0,0
650,-0.002250325190331,0.031072548781953,771,0.0,0,58,0,0
651,-0.0022679386918580003,0.031134108786261,772,2.7147114297026693,0,59,0,0
652,-0.0022907577028660002,0.031170445304930003,773,2.875026522508364,0,60,0,0
653,-0.002312443526435,0.031203249940872,774,3.040451448782447,0,61,0,0
654,-0.002312443526435,0.031203249940872,774,3.040451448782447,0,0,0,0
655,-0.002312443526435,0.031203249940872,774,3.040451448782447,0,1,0,0
656,-0.002312443526435,0.031203249940872,774,3.040451448782447,0,0,0,0
657,-0.002331466602477,0.031232507745894002,775,3.07665330642898,0,1,0,0
658,-0.002352928979043,0.031265517238219,776,3.258498107909668,0,2,0,0
659,-0.0023775562136440003,0.031302576386091005,777,3.92090264127227,0,3,0,0
660,-0.002403723063146,0.031346152170261,778,4.441714427799944,0,4,0,0
661,-0.0024387497139450004,0.03139599073145,779,4.917178992145305,0,5,0,0
662,-0.002476291189033,0.031441175743761,780,5.030389759024636,0,6,0,0
663,-0.0025045591348980003,0.031482416644935,781,4.160367057958278,0,7,0,0
664,-0.002527820205337,0.031519541086732,782,3.697718632140623,0,8,0,0
665,-0.002547333781862,0.031552306803309005,783,3.274818898931316,0,9,0,0
666,-0.002562585937539,0.031580371762519,784,2.817821107151363,0,10,0,0
667,-0.0025782204417830004,0.031605853834028,785,2.685185188329976,0,11,0,0
668,-0.0025969894434820003,0.031637327160998,786,3.170435053094859,0,12,0,0
669,-0.002622257289594,0.031680004976713,787,4.451501661590928,0,13,0,0
670,-0.0026520003275290003,0.031731214901093,788,5.203490462990207,0,14,0,0
671,-0.002683505612608,0.031786123080117,789,5.557124969889234,0,15,0,0
672,-0.002683505612608,0.031786123080117,789,5.557124969889234,0,0,0,0
673,-0.0027167102683940004,0.031844326512022,790,5.909957560560503,0,1,0,0
674,-0.002751610068251,0.031905288303972004,791,6.07377500681047,0,2,0,0
675,-0.0027867908939560003,0.031963822102508005,792,6.026915377046012,0,3,0,0
676,-0.002826127989266,0.032012687128641006,793,5.849165308140657,0,4,0,0
677,-0.002868803506757,0.032059465501196004,794,5.771884813585398,0,5,0,0
678,-0.0029130028467880004,0.032096687849071,795,5.82010629282995,0,6,0,0
679,-0.0029524987875850003,0.032120781556283,796,4.784776752007974,0,7,0,0
680,-0.002979581594644,0.032130593358537005,797,3.262116070834666,0,8,0,0
681,-0.0029951658274210004,0.032130990399275,798,2.27701195677312,0,9,0,0
682,-0.003005201362867,0.032128218992236,799,1.1353592889583761,0,10,0,0
683,-0.003005201362867,0.032128218992236,799,1.1353592889583761,0,11,0,0
684,-0.0030192541745530004,0.032136397100281,801,0.0,0,12,0,0
685,-0.003031860719033,0.032138394005308005,802,0.0,0,13,0,0
686,-0.0030680916187080004,0.032149517049756,803,3.321108333221117,0,14,0,0
687,-0.003104688312312,0.032164043048361,804,4.291478014184464,0,15,0,0
688,-0.003149655011768,0.032177716130032,805,5.013502973676391,0,16,0,0
689,-0.0031910741353080004,0.032191723082242,806,4.576788767839098,0,17,0,0
690,-0.003231058122203,0.032206557034538,807,4.193752757588996,0,18,0,0
691,-0.0032808046872,0.032220303572916005,808,4.537511537967712,0,19,0,0
692,-0.00331926846028,0.032234439748249,809,4.44873775336068,0,20,0,0
693,-0.00331926846028,0.032234439748249,809,4.44873775336068,0,0,0,0
694,-0.003348151242185,0.032258263618956,810,3.757303499811179,0,1,0,0
695,-0.0033725998345840004,0.032270082215303,811,3.85518118449748,0,2,0,0
696,-0.003433121488377,0.032373892306132,812,4.479932144782933,0,3,0,0
697,-0.003420303181663,0.032440295509976,813,5.662493199075231,0,4,0,0
698,-0.003403895004645,0.032525814364195,814,6.846072029143344,0,5,0,0
699,-0.0033604244220270005,0.032611476528895005,815,7.819506418691289,0,6,0,0
700,-0.0033356977710850004,0.032708070781787,816,8.367587436604378,0,7,0,0
701,-0.003324607125101,0.032819974526463,817,9.1075292382462,0,8,0,0
702,-0.003290306785885,0.032937576591733006,818,9.83876638440749,0,9,0,0
703,-0.0033066435568820003,0.033076294099862,819,10.274320683573158,0,10,0,0
704,-0.0033066435568820003,0.033076294099862,819,10.274320683573158,0,0,0,0
705,-0.0032769853768490004,0.033207899467671005,820,10.519774646866942,0,1,0,0
706,-0.003246279128106,0.033335353339056004,821,10.850096717130828,0,2,0,0
707,-0.003211933780484,0.033463485180659,822,11.086533372309539,0,3,0,0
708,-0.0031806727175330003,0.033591069688018005,823,10.846941415455255,0,4,0,0
709,-0.0031513673758560004,0.033710672472714004,824,10.408991054195997,0,5,0,0
710,-0.0031513673758560004,0.033710672472714004,824,10.408991054195997,0,6,0,0
711,-0.0031513673758560004,0.033710672472714004,824,10.408991054195997,0,0,0,0
712,-0.003122811439752,0.033827216644212,825,10.035993181077288,0,1,0,0
713,-0.0030959012180460004,0.033937044289686004,826,9.503385188947655,0,2,0,0
714,-0.0030725417690640002,0.03403238039308,827,8.506034359872908,0,3,0,0
715,-0.0030525649730030005,0.034113967416301,828,7.07808620618971,0,4,0,0
716,-0.0030374643308510004,0.034171487053473004,829,5.138935813790496,0,5,0,0
717,-0.0030272816669520003,0.034210273711224,830,3.5543284669516932,0,6,0,0
718,-0.0030242555745870004,0.034221800209779,836,0.0,0,7,0,0
719,-0.0030242555745870004,0.034221800209779,839,0.0,0,8,0,0
720,-0.0030249600043670004,0.034219117123898,842,0.0,0,9,0,0
721,-0.0030249600043670004,0.034219117123898,844,0.0,0,10,0,0
722,-0.0030249600043670004,0.034219117123898,849,0.0,0,11,0,0
723,-0.0030215254004910003,0.034232199836177,854,0.0,0,12,0,0
724,-0.0030215254004910003,0.034232199836177,854,0.0,0,13,0,0
725,-0.0030215254004910003,0.034232199836177,859,0.0,0,14,0,0
726,-0.003018276644972,0.034244574590001,860,0.0,0,15,0,0
727,-0.0030104466763200004,0.034274399735519004,861,2.15101787351749,0,16,0,0
728,-0.002997099791087,0.0343252391069,862,4.024358248275431,0,17,0,0
729,-0.0029823540362550003,0.034381406909934,863,4.7990287827209155,0,18,0,0
730,-0.0029543941504850003,0.034431212834682,864,4.977274564550832,0,19,0,0
731,-0.0029543941504850003,0.034431212834682,864,4.977274564550832,0,0,0,0
732,-0.0029498403704470003,0.034493943430891,865,4.943276040420817,0,1,0,0
733,-0.002948303818058,0.034550607456688004,866,4.563475037561711,0,2,0,0
734,-0.0029417803899030003,0.034605168986374,867,4.602931077131145,0,3,0,0
735,-0.0029300457575580003,0.034663475943309,868,5.011204332808848,0,4,0,0
736,-0.002914549789224,0.034723694717536,869,5.3194656339409825,0,5,0,0
737,-0.002900258702823,0.034779385711578,870,4.934000419938045,0,6,0,0
738,-0.0028867012410100003,0.034830172621141,871,4.507850419409258,0,7,0,0
739,-0.0028751094365230003,0.034873663506363,872,3.975417495591172,0,8,0,0
740,-0.002863643665513,0.034916974550625,873,3.957419849934139,0,9,0,0
741,-0.0028485863981650003,0.034971280762732,874,4.811883850858941,0,10,0,0
742,-0.0028319965769150004,0.035029275526788,875,4.967969791792602,0,11,0,0
743,-0.0028155630881690004,0.035077856636659,876,4.448930064481163,0,12,0,0
744,-0.002804510029143,0.03511953452862,877,3.850127473442399,0,13,0,0
745,-0.0027900105490200004,0.035147723451919,878,3.16326650844575,0,14,0,0
746,-0.002775364577836,0.03517745541661,879,2.898693819257717,0,15,0,0
747,-0.002775364577836,0.03517745541661,879,2.898693819257717,0,0,0,0
748,-0.0027611884642620003,0.035208605204344004,880,2.722423181438457,0,1,0,0
749,-0.002749124988582,0.035241150569946006,881,2.72082890515118,0,2,0,0
750,-0.0027372435197170002,0.035275729062588,882,2.9238405849144042,0,3,0,0
751,-0.002725675486139,0.035315214772609,883,3.3978001415210652,0,4,0,0
752,-0.002713093730072,0.035360815267397004,884,3.930154499562105,0,5,0,0
753,-0.002698822336277,0.035416304036873,885,4.4915601944716155,0,6,0,0
754,-0.0026858615114300002,0.035471439061058,886,4.816763721814109,0,7,0,0
755,-0.002672941584599,0.035526852154367,887,4.885940948358625,0,8,0,0
756,-0.002660831223074,0.03557957876006,888,4.623423236147976,0,9,0,0
757,-0.002651052367085,0.035618782356355,889,4.145821313085829,0,10,0,0
758,-0.0026412447465060003,0.03566013185209,890,3.9081550726413052,0,11,0,0
759,-0.0026316059483590002,0.035702622723745005,891,3.651377648990848,0,12,0,0
760,-0.002618857104643,0.035752239716607,892,3.661989747950498,0,13,0,0
761,-0.002601242162761,0.035792501830202,893,3.726147499984192,0,14,0,0
762,-0.002575831352139,0.035824235307934,894,3.614605342921823,0,15,0,0
763,-0.0025445057070280002,0.035843691610413,895,3.357963790043666,0,16,0,0
764,-0.0025502656856060003,0.035869268161928,896,3.551340081475603,0,17,0,0
765,-0.0024576280767760004,0.035827054725944,897,4.858155007851647,0,18,0,0
766,-0.002406995153421,0.035795479044615004,898,5.880370004064465,0,19,0,0
767,-0.002348069013265,0.035753001311961005,899,6.99583092754126,0,20,0,0
768,-0.002348069013265,0.035753001311961005,899,6.99583092754126,0,0,0,0
769,-0.00228568252043,0.035721902877513,900,7.3528957813667795,0,1,0,0
770,-0.002210925313882,0.03570100641104,901,7.855320234496888,0,2,0,0
771,-0.002137871539261,0.035677368470565005,902,7.752137066241373,0,3,0,0
772,-0.002065378337356,0.035647490719387005,903,7.919543377241956,0,4,0,0
773,-0.001995010448119,0.035619150194575004,904,7.791861535189939,0,5,0,0
774,-0.001995010448119,0.035619150194575004,904,7.791861535189939,0,6,0,0
775,-0.001995010448119,0.035619150194575004,904,7.791861535189939,0,0,0,0
776,-0.0019320486177810002,0.035592159003737,905,6.940958544804382,0,1,0,0
777,-0.0018723693767830002,0.035570504402491,906,6.559290252412311,0,2,0,0
778,-0.001817271208757,0.035552280555096,907,6.145874836677428,0,3,0,0
779,-0.001767279204273,0.035535531959601005,908,5.39607369552068,0,4,0,0
780,-0.0017279754266530001,0.03552032165019,909,4.23240419820948,0,5,0,0
781,-0.001697985136367,0.035505088217071004,910,3.577623422102234,0,6,0,0
782,-0.0016659057233560002,0.035491130626647,911,3.284369722406722,0,7,0,0
783,-0.0016340643454310002,0.035506069377094,912,3.025781833543435,0,8,0,0
784,-0.0016150047904090001,0.035505790920913,913,3.589031252666173,0,9,0,0
785,-0.0015843711537320002,0.035613364386927006,914,5.589888892687535,0,10,0,0
786,-0.0015574848472530002,0.035701860196073,915,7.096034663975157,0,11,0,0
787,-0.001531725195938,0.035789659721453,916,7.7044742006485745,0,12,0,0
788,-0.0015028027756320002,0.035889179022468,917,8.610235759980648,0,13,0,0
789,-0.001471658896221,0.035995988531317004,918,9.060439022391755,0,14,0,0
790,-0.001442930946808,0.036102980396197006,919,9.157384858459379,0,15,0,0
791,-0.001442930946808,0.036102980396197006,919,9.157384858459379,0,0,0,0
792,-0.0014115293688370001,0.036209079865058,920,9.134655739081648,0,1,0,0
793,-0.0013800302457620001,0.036311948133663,921,9.110119524075836,0,2,0,0
794,-0.001355450026075,0.036420039245347,922,9.489965738472597,0,3,0,0
795,-0.001325959787301,0.036537750490104,923,10.112573173915708,0,4,0,0
796,-0.0013104326433640001,0.036668873981108005,924,10.62601976966829,0,5,0,0
797,-0.001278981504164,0.036800646658159006,925,11.23259340232863,0,6,0,0
798,-0.001245603449049,0.036940492700809,926,11.787018037313327,0,7,0,0
799,-0.00121066531404,0.037086875183664006,927,12.39398344010494,0,8,0,0
800,-0.00117489790707,0.037236732003217005,928,12.895108036525006,0,9,0,0
801,-0.0011383268210560001,0.037389956127087,929,13.327996657122002,0,10,0,0
802,-0.0011383268210560001,0.037389956127087,929,13.327996657122002,0,0,0,0
803,-0.001087636857043,0.037541163736117,930,13.65799028340089,0,1,0,0
804,-0.001059809083358,0.037709336637393,931,14.098500212812274,0,2,0,0
805,-0.001052851864557,0.037883356376024004,932,14.389872507934484,0,3,0,0
806,-0.0010327640546420002,0.038059279676813,933,14.58640876040851,0,4,0,0
807,-0.0010121703858340001,0.038231932892246,934,14.60449588460311,0,5,0,0
808,-0.0010121703858340001,0.038231932892246,934,14.60449588460311,0,0,0,0
809,-0.0010121703858340001,0.038231932892246,934,14.60449588460311,0,1,0,0
810,-0.0010121703858340001,0.038231932892246,934,14.60449588460311,0,0,0,0
811,-0.000975598717467,0.038402620654517,935,14.688003885816464,0,1,0,0
812,-0.0009497407657120001,0.038572968663638005,936,14.2844014273629,0,2,0,0
813,-0.0009011359070420001,0.038730394741403,937,13.679509222183645,0,3,0,0
814,-0.0008321488027780001,0.038869978202800005,938,13.347252394161284,0,4,0,0
815,-0.000755289433158,0.038984057199877006,939,13.519753096899182,0,5,0,0
816,-0.000755289433158,0.038984057199877006,939,13.519753096899182,0,0,0,0
817,-0.000682645139946,0.039115370778588,940,13.571830837550158,0,1,0,0
818,-0.000621674268003,0.039255927358658,941,13.559055464216366,0,2,0,0
819,-0.0005675977709240001,0.039403494074862,942,13.654459737260648,0,3,0,0
820,-0.000514653691702,0.039556054848382004,943,13.68396894329362,0,4,0,0
821,-0.00048566791394900004,0.039720069302701,944,13.598268142267282,0,5,0,0
822,-0.00048566791394900004,0.039720069302701,944,13.598268142267282,0,0,0,0
823,-0.00044149061650900005,0.039869722026194,945,13.313545842315252,0,1,0,0
824,-0.000399877306044,0.040019598026999004,946,13.044290833965293,0,2,0,0
825,-0.00035970722758,0.040170323254287,947,12.829082920368966,0,3,0,0
826,-0.000325317113698,0.040316157324896004,948,12.593057017090139,0,4,0,0
827,-0.000291524528243,0.040458746077225,949,12.358433570937061,0,5,0,0
828,-0.000291524528243,0.040458746077225,949,12.358433570937061,0,0,0,0
829,-0.000291524528243,0.040458746077225,949,12.358433570937061,0,1,0,0
830,-0.000291524528243,0.040458746077225,949,12.358433570937061,0,0,0,0
831,-0.00025802169494600004,0.040595931846276,950,12.167268266971387,0,1,0,0
832,-0.000224000074624,0.040732982200077004,951,12.326525964689607,0,2,0,0
833,-0.000185556549034,0.040882595040516,952,12.686117407978761,0,3,0,0
834,-0.000146467248818,0.041031800740148006,953,12.95803174557051,0,4,0,0
835,-0.00010457923983800001,0.041189559086358005,954,13.408226808911213,0,5,0,0
836,-0.00010457923983800001,0.041189559086358005,955,13.408226808911213,0,0,0,0
837,-6.289136601367318e-05,0.041348237010195,955,13.698111181836023,0,1,0,0
838,-2.000914128075237e-05,0.04150937305072,956,13.942033138113722,0,2,0,0
839,2.380046962002779e-05,0.041668397195650006,957,14.032916458262967,0,3,0,0
840,6.937870248435729e-05,0.04183259124308401,958,14.076949425589172,0,4,0,0
841,0.00011440499871800001,0.041992563559215004,959,13.869495555194213,0,5,0,0
842,0.00011440499871800001,0.041992563559215004,960,13.869495555194213,0,0,0,0
843,0.00015475917735500002,0.042137151196751,960,13.200220514349136,0,1,0,0
844,0.00019350482880700002,0.04228193640621,961,12.509574289069782,0,2,0,0
845,0.000216584064617,0.042418879027842006,962,11.36007062518887,0,3,0,0
846,0.00018804530620200003,0.042534316932618006,963,10.291673463237244,0,4,0,0
847,0.000142911633318,0.042628121050761004,964,9.617527078061464,0,5,0,0
848,7.783384595683174e-05,0.042698644965920005,965,9.514653130963353,0,6,0,0
849,-8.567374294443653e-06,0.042723467585194005,966,10.143535565195451,0,7,0,0
850,-0.00010324452648500001,0.042737047182098004,967,10.816302243437558,0,8,0,0
851,-0.00021825626019,0.042749757001871,968,11.709074452529071,0,9,0,0
852,-0.000335663804698,0.042743902682477006,969,11.708582855249723,0,10,0,0
853,-0.000335663804698,0.042743902682477006,970,11.708582855249723,0,0,0,0
854,-0.000443832244535,0.042739223642431004,970,11.321782871795774,0,1,0,0
855,-0.0005502173789650001,0.042750952952347,971,11.571056945089053,0,2,0,0
856,-0.0006669860647220001,0.042769515673224005,972,12.239700624559813,0,3,0,0
857,-0.000786984400484,0.042792575110881005,973,12.772467752206406,0,4,0,0
858,-0.0009025996193510001,0.042818082772594,974,12.651926255872365,0,5,0,0
859,-0.0009025996193510001,0.042818082772594,975,12.651926255872365,0,0,0,0
860,-0.0009025996193510001,0.042818082772594,975,12.651926255872365,0,1,0,0
861,-0.0009025996193510001,0.042818082772594,975,12.651926255872365,0,0,0,0
862,-0.0010096999233080001,0.042843311634220005,975,11.895028758261711,0,1,0,0
863,-0.001113362944586,0.04287018383242,976,11.49196352065205,0,2,0,0
864,-0.001213332766113,0.042896415795548,977,11.356455030866018,0,3,0,0
865,-0.0013176395172390001,0.042927233584064,978,11.760388353668155,0,4,0,0
866,-0.0014222385722880001,0.042960880849710004,979,12.183435719419373,0,5,0,0
867,-0.0015339737672440002,0.042998023710032,980,12.782987085356735,0,6,0,0
868,-0.001651828689801,0.043041943391044,981,13.356329642893588,0,7,0,0
869,-0.0017790798095940002,0.043093184356399,982,13.901350732508028,0,8,0,0
870,-0.001911497916573,0.043146935245710005,983,14.309941553198456,0,9,0,0
871,-0.002036859531678,0.043200946173683,984,14.421788221693177,0,10,0,0
872,-0.002036859531678,0.043200946173683,985,14.421788221693177,0,0,0,0
873,-0.002164192689136,0.043258712906448005,985,14.541511169538206,0,1,0,0
874,-0.002284172763438,0.043327400054966006,986,14.700260077637024,0,2,0,0
875,-0.0023999617486430004,0.043417750866286006,987,14.923748339274056,0,3,0,0
876,-0.0025081703579910002,0.043531736091356,988,15.150190368546614,0,4,0,0
877,-0.002614046256098,0.043656132573815,989,15.406039611352169,0,5,0,0
878,-0.002614046256098,0.043656132573815,990,15.406039611352169,0,6,0,0
879,-0.0027830863369330003,0.043912441598651,991,13.412613431213858,0,7,0,0
880,-0.0028540431020610004,0.044039559543127,992,12.956938791412433,0,8,0,0
881,-0.002919778495808,0.044175014805526006,993,13.137557789934968,0,9,0,0
882,-0.002979675225425,0.044317156439115005,994,13.434014248644063,0,10,0,0
883,-0.003043553696009,0.044460877065738,995,13.74053376862237,0,11,0,0
884,-0.003043553696009,0.044460877065738,995,13.74053376862237,0,12,0,0
885,-0.003043553696009,0.044460877065738,995,13.74053376862237,0,0,0,0
886,-0.003112684021161,0.044601297016747005,996,13.89963211711949,0,1,0,0
887,-0.003177379639872,0.044724253174175006,997,12.654732500403505,0,2,0,0
888,-0.0032397257460340004,0.04483986908642,998,12.065635215841764,0,3,0,0
889,-0.003305809004189,0.044955078507193005,999,12.48071395774936,0,4,0,0
890,-0.003376025267165,0.045075617899195,1000,13.02048413655322,0,5,0,0
891,-0.003376025267165,0.045075617899195,1000,13.02048413655322,0,0,0,0
892,-0.0034513248564060003,0.04520201130045701,1001,13.620188398421911,0,1,0,0
893,-0.0035324462778370002,0.045339625922213,1002,14.477053533927151,0,2,0,0
894,-0.0036178608353400004,0.04548627076225,1003,15.22980425637703,0,3,0,0
895,-0.00370437136506,0.04564087629253501,1004,16.09324452034938,0,4,0,0
896,-0.0038000976699730004,0.045797103587517006,1005,16.747529897291294,0,5,0,0
897,-0.0038000976699730004,0.045797103587517006,1005,16.747529897291294,0,6,0,0
898,-0.0038913615803650003,0.045957164540315,1006,16.639642669613,0,7,0,0
899,-0.003977701847958,0.046109966733588005,1007,16.004924028578415,0,8,0,0
900,-0.00405889502025,0.046246794761358005,1008,14.527405480548719,0,9,0,0
901,-0.00413202061744,0.046382135700506005,1009,13.759209149337181,0,10,0,0
902,-0.004185912757833,0.046518376517967,1010,12.764148223960031,0,11,0,0
903,-0.004185912757833,0.046518376517967,1010,12.764148223960031,0,12,0,0
904,-0.004185912757833,0.046518376517967,1010,12.764148223960031,0,0,0,0
905,-0.004221576420668001,0.046655560384449006,1011,12.086517566100518,0,1,0,0
906,-0.004237115092593001,0.046801768855942005,1012,12.073636628300056,0,2,0,0
907,-0.004238491819286001,0.046950612130233,1013,12.289055711052894,0,3,0,0
908,-0.0042255920164250005,0.047102844085905,1014,12.508121353462862,0,4,0,0
909,-0.004194474173168,0.047256500542168005,1015,12.814166308146724,0,5,0,0
910,-0.004194474173168,0.047256500542168005,1015,12.814166308146724,0,0,0,0
911,-0.004151315778777,0.047411477534485005,1016,13.198952012894678,0,1,0,0
912,-0.004097387971683001,0.047564949443124005,1017,13.599786811080307,0,2,0,0
913,-0.004030122117832,0.047713961734091,1018,13.927440854551689,0,3,0,0
914,-0.003957670814905,0.047869095673378007,1019,14.302769464293995,0,4,0,0
915,-0.0038892040742620005,0.048024602078852,1020,14.626897225361214,0,5,0,0
916,-0.0038892040742620005,0.048024602078852,1020,14.626897225361214,0,0,0,0
917,-0.0038186603968170005,0.048176543846135005,1021,14.705324752739966,0,1,0,0
918,-0.003746771155618,0.04832602065460401,1022,14.688649695070431,0,2,0,0
919,-0.0036714378771020005,0.048477122843108005,1023,15.033979451449996,0,3,0,0
920,-0.0035943048698210004,0.048628232406127,1024,15.417342002519193,0,4,0,0
921,-0.0035168397786620002,0.04878742445566701,1025,16.02689777374588,0,5,0,0
922,-0.0035168397786620002,0.04878742445566701,1025,16.02689777374588,0,6,0,0
923,-0.003430207037467,0.048951775862109005,1026,16.47403761007754,0,7,0,0
924,-0.00334641167371,0.049122726248709,1027,17.026320116391776,0,8,0,0
925,-0.0032599176032230004,0.04930019121382401,1028,17.536208231039243,0,9,0,0
926,-0.0031894765368170003,0.049491576602020006,1029,17.818896918959574,0,10,0,0
927,-0.0031349975019590005,0.049699076930094004,1030,18.105844243170637,0,11,0,0
928,-0.0030965682755160003,0.049915634561887,1031,18.359169993271767,0,12,0,0
929,-0.0030965682755160003,0.049915634561887,1055,18.359169993271767,0,16,0,0
930,-0.001872079075553,0.054189398491406006,1058,16.278779983520508,0,23,0,0
931,-0.0018419168635750002,0.054329714787902,1059,16.278779983520508,0,24,0,0
932,-0.0018419168635750002,0.054329714787902,1060,16.278779983520508,0,25,0,0
933,-0.001795815133036,0.054546332324793,1061,17.113121032714844,0,26,0,0
934,-0.0017900332244730002,0.054591909108689,1062,13.321328163146973,0,27,0,0
935,-0.001803180287716,0.05460076381810901,1063,13.321328163146973,0,28,0,0
936,-0.0018295156960160001,0.054561220942058,1064,10.798633575439453,0,29,0,0
937,-0.0018295156960160001,0.054561220942058,1065,10.798633575439453,0,30,0,0
938,-0.0018295156960160001,0.054561220942058,1065,10.798633575439453,0,0,0,0
939,-0.0017900332244730002,0.054591909108689,1065,13.321328163146973,0,1,0,0
940,-0.0018295156960160001,0.054561220942058,1065,10.798633575439453,0,2,0,0
941,-0.001700598499397,0.05596312274749501,1068,18.610246658325195,0,3,0,0
942,-0.0017105186458220001,0.056293880873878,1069,18.610246658325195,0,4,0,0
943,-0.0018188849362770002,0.05651011688819001,1070,18.61024665824621,0,5,0,0
944,-0.0018188849362770002,0.05651011688819001,1070,18.61024665824621,0,6,0,0
945,-0.0017742738418390002,0.056847575346825004,1071,18.610246658246208,0,7,0,0
946,-0.0017944915300200002,0.057140459838930006,1072,18.49597740165586,0,8,0,0
947,-0.0018508488079190001,0.057382688923713,1073,17.54229927056373,0,9,0,0
948,-0.001875928966363,0.057628011610356,1074,17.542299270563728,0,10,0,0
949,-0.0018904195806960001,0.057857587396595,1075,17.106996536193577,0,11,0,0
950,-0.0018974599505550002,0.05807474792289401,1076,16.702381133976104,0,12,0,0
951,-0.0018974599505550002,0.05807474792289401,1090,16.702381133976104,0,16,0,0
952,-0.003872751184424,0.067442240028491,1141,12.337900161743164,0,42,0,0
953,-0.0038392716675940005,0.067715112374262,1142,13.373889923095703,0,43,0,0
954,-0.003831971400764,0.068031584507865,1143,13.373889923095703,0,44,0,0
955,-0.0039963723096220006,0.068368532963807,1144,13.373889923095703,0,45,0,0
956,-0.0039378019591680006,0.06857533693852,1145,12.468170166015625,0,46,0,0
957,-0.0039378019591680006,0.06857533693852,1145,12.468170166015625,0,0,0,0
958,-0.0039378019591680006,0.06857533693852,1145,12.468170166015625,0,1,0,0
959,-0.0039378019591680006,0.06857533693852,1145,12.468170166015625,0,0,0,0
960,-0.0038844062637080003,0.068763869715285,1146,12.468170166015625,0,1,0,0
961,-0.0038438037550600004,0.06890723118766001,1147,11.479866027832031,0,2,0,0
962,-0.0038039246238590002,0.069048038162348,1148,11.276493072509766,0,3,0,0
963,-0.0037676901222310002,0.0691759767528,1149,11.041467666625977,0,4,0,0
964,-0.003737316386526,0.069283222013561,1150,8.881010055541992,0,5,0,0
965,-0.003737316386526,0.069283222013561,1150,8.881010055541992,0,0,0,0
966,-0.0037092960262290003,0.06938215774859001,1151,8.881010055541992,0,1,0,0
967,-0.0036830459760030004,0.06947484160723501,1152,8.258787155151367,0,2,0,0
968,-0.003656974190079,0.069567920936227,1153,8.258787155144459,0,3,0,0
969,-0.003650126913584,0.069635968242236,1154,7.175228118891955,0,4,0,0
970,-0.0036721569624870005,0.06969693013806301,1155,5.866847991940885,0,5,0,0
971,-0.0037060440829100004,0.06976441322336001,1156,5.912646293637601,0,6,0,0
972,-0.003743221900926,0.069826984154465,1157,5.86684799194088,0,7,0,0
973,-0.0037899666971550005,0.069875070689146,1158,5.652740955350563,0,8,0,0
974,-0.0038224106930820003,0.069919195842018,1159,5.4206566810588335,0,9,0,0
975,-0.0038994383190520004,0.069922642934351,1160,6.120344161984486,0,10,0,0
976,-0.003977553249519,0.06998110569872401,1161,8.003756523126011,0,11,0,0
977,-0.004037843825933,0.070066415063726,1162,8.003756523126002,0,12,0,0
978,-0.004137710114740001,0.07012555559257101,1163,9.236367225637256,0,13,0,0
979,-0.004254873620062,0.070173484926973,1164,10.201474189745207,0,14,0,0
980,-0.004386678721282,0.07023009245497,1165,12.059788703896826,0,15,0,0
981,-0.004386678721282,0.07023009245497,1165,12.059788703896826,0,0,0,0
982,-0.004497140088602,0.070279820543095,1166,12.14055061338125,0,1,0,0
983,-0.004604317875141001,0.070334131228039,1167,12.140550613381256,0,2,0,0
984,-0.004714380927303001,0.070376690078639,1168,12.227102279640533,0,3,0,0
985,-0.004818870151488,0.07043965284061,1169,12.242795944191236,0,4,0,0
986,-0.004928290612753,0.070504904183865,1170,12.73812484738662,0,5,0,0
987,-0.004928290612753,0.070504904183865,1170,12.73812484738662,0,0,0,0
988,-0.0050449721872280005,0.070547262241806,1171,12.831256866429014,0,1,0,0
989,-0.005152970689252001,0.070609854038677,1172,12.83125686642902,0,2,0,0
990,-0.005260752504923001,0.07070144527116101,1173,12.704010522760212,0,3,0,0
991,-0.005384056638945,0.070768082719855,1174,13.562874706456094,0,4,0,0
992,-0.005499797545127001,0.07082860323613101,1175,13.462021717772055,0,5,0,0
993,-0.005499797545127001,0.07082860323613101,1175,13.462021717772055,0,0,0,0
994,-0.005499797545127001,0.07082860323613101,1175,13.462021717772055,0,1,0,0
995,-0.005499797545127001,0.07082860323613101,1175,13.462021717772055,0,0,0,0
996,-0.005607669024513,0.07089508586691,1176,12.727946603060506,0,1,0,0
997,-0.005714070058097,0.07095149079435101,1177,12.365712912750721,0,2,0,0
998,-0.005829479155352001,0.070997525880196,1178,12.47451668444476,0,3,0,0
999,-0.00593510907597,0.07104091510561701,1179,11.992655711484437,0,4,0,0
1000,-0.006046348499054,0.071112777754544,1180,12.464528626682768,0,5,0,0
1001,-0.006046348499054,0.071112777754544,1180,12.464528626682768,0,0,0,0
1002,-0.006168498317705001,0.071180235464758,1181,13.544129291041855,0,1,0,0
1003,-0.006307329221407001,0.07124281783548801,1182,15.14413480092126,0,2,0,0
1004,-0.0064366488250150004,0.07129451307914,1183,15.36700631045645,0,3,0,0
1005,-0.006567181810311001,0.071350965330607,1184,15.430313217201094,0,4,0,0
1006,-0.006693886820528,0.071404265192507,1185,15.003190239545992,0,5,0,0
1007,-0.006693886820528,0.071404265192507,1185,15.003190239545992,0,6,0,0
1008,-0.0068182870843420005,0.071435910962764,1186,14.394799782089114,0,7,0,0
1009,-0.0069479762973400005,0.071494205386107,1187,14.468833961127478,0,8,0,0
1010,-0.007072172680516,0.07155556764939,1188,14.351068156518215,0,9,0,0
1011,-0.007195874073744,0.071618875024567,1189,14.211161396314175,0,10,0,0
1012,-0.007315017932143001,0.071682013378618,1190,13.986530534909885,0,11,0,0
1013,-0.007315017932143001,0.071682013378618,1190,13.986530534909885,0,12,0,0
1014,-0.007315017932143001,0.071682013378618,1190,13.986530534909885,0,0,0,0
1015,-0.007434408677276001,0.07174690572049601,1191,13.938190401438497,0,1,0,0
1016,-0.007550654498295,0.071809899765472,1192,13.908596368516049,0,2,0,0
1017,-0.0076629931344380006,0.071870776467024,1193,13.708321059395784,0,3,0,0
1018,-0.007771096953035001,0.071950361544349,1194,13.578986219890089,0,4,0,0
1019,-0.007880931851488,0.07200524354106101,1195,13.27113763776914,0,5,0,0
1020,-0.007880931851488,0.07200524354106101,1195,13.27113763776914,0,0,0,0
1021,-0.007985132151581,0.072055977862666,1196,12.792412554451733,0,1,0,0
1022,-0.008072152296797001,0.07210746608472801,1197,11.778120218602613,0,2,0,0
1023,-0.008154735907091001,0.07214317862323201,1198,10.762390630521644,0,3,0,0
1024,-0.00821951669279,0.072172255005765,1199,9.024896973404935,0,4,0,0
1025,-0.008295749351148001,0.072199418871411,1200,8.325126438719812,0,5,0,0
1026,-0.008368136967646001,0.072244145632508,1201,7.865539203643316,0,6,0,0
1027,-0.008430758113362,0.072287423780078,1202,7.341522516348263,0,7,0,0
1028,-0.008495796010969,0.07232518152026801,1203,7.433335895265298,0,8,0,0
1029,-0.008563089900164,0.072361331128044,1204,7.645786623265056,0,9,0,0
1030,-0.008648217750831001,0.07239783958821201,1205,8.666867955563315,0,10,0,0
1031,-0.008648217750831001,0.07239783958821201,1205,8.666867955563315,0,0,0,0
1032,-0.008740790428689001,0.07243319610289001,1206,9.729568532428257,0,1,0,0
1033,-0.008836260631483,0.072468025297984,1207,10.655913517562395,0,2,0,0
1034,-0.008932205209973001,0.072500582226474,1208,11.358952018346235,0,3,0,0
1035,-0.009041889475881,0.07249089192982401,1209,11.572055955357284,0,4,0,0
1036,-0.009134802617722001,0.072542491538923,1210,11.531116387090965,0,5,0,0
1037,-0.009134802617722001,0.072542491538923,1210,11.531116387090965,0,6,0,0
1038,-0.009134802617722001,0.072542491538923,1210,11.531116387090965,0,0,0,0
1039,-0.009243853075481001,0.072603053036409,1211,12.154813244235148,0,1,0,0
1040,-0.009343821626998,0.072657844943515,1212,12.21372921069863,0,2,0,0
1041,-0.009449614814855001,0.072709678027122,1213,12.267336801055082,0,3,0,0
1042,-0.009552350599761,0.072762245890887,1214,12.276875343794398,0,4,0,0
1043,-0.009653971011985,0.072810632698434,1215,11.991219358854316,0,5,0,0
1044,-0.009653971011985,0.072810632698434,1215,11.991219358854316,0,0,0,0
1045,-0.009752655486153,0.07286340407272801,1216,11.637467018328834,0,1,0,0
1046,-0.009849935793447001,0.072918984905552,1217,11.422558109162665,0,2,0,0
1047,-0.009940224886513001,0.07297084897403701,1218,11.10656129737779,0,3,0,0
1048,-0.010035842812229,0.07301596918653301,1219,11.145545815205885,0,4,0,0
1049,-0.010125437955686,0.073066432242171,1220,10.926297626014472,0,5,0,0
1050,-0.010212490073215001,0.073115210476865,1221,10.797935941680086,0,6,0,0
1051,-0.010303308893945,0.073159038537669,1222,10.707193156306662,0,7,0,0
1052,-0.010389627419783,0.073200881447537,1223,10.457228136072676,0,8,0,0
1053,-0.010478929474849,0.073240712973536,1224,10.338217724738538,0,9,0,0
1054,-0.010565023874484,0.073280811808119,1225,10.154387890002063,0,10,0,0
1055,-0.010565023874484,0.073280811808119,1225,10.154387890002063,0,0,0,0
1056,-0.010646781586324,0.07331909219799601,1226,9.872077647349002,0,1,0,0
1057,-0.010721468944559,0.073360319105781,1227,9.210048312834253,0,2,0,0
1058,-0.010793452009245,0.073401149172822,1228,8.692920629878676,0,3,0,0
1059,-0.010865809193056,0.073440288287379,1229,8.523884869929866,0,4,0,0
1060,-0.010939657598754001,0.073477378136571,1230,8.504439470926874,0,5,0,0
1061,-0.010939657598754001,0.073477378136571,1230,8.504439470926874,0,6,0,0
1062,-0.010939657598754001,0.073477378136571,1230,8.504439470926874,0,0,0,0
1063,-0.01101672352216,0.073503359998698,1231,8.514089781875684,0,1,0,0
1064,-0.011094854520095001,0.073536078136896,1232,8.760021469154038,0,2,0,0
1065,-0.011171778838104001,0.073573050867365,1233,8.911885803591055,0,3,0,0
1066,-0.011249905513189001,0.07361106379117201,1234,9.002713958534924,0,4,0,0
1067,-0.011319963878456001,0.07364650100528501,1235,8.71443216382127,0,5,0,0
1068,-0.011380185691585,0.073676177254791,1236,7.977672575105853,0,6,0,0
1069,-0.011439132993956,0.073706311749218,1237,7.391073101231747,0,7,0,0
1070,-0.011497590593229001,0.073732767836602,1238,6.8241266269167795,0,8,0,0
1071,-0.011559245920111,0.073745973298251,1239,6.445020032366172,0,9,0,0
1072,-0.011630374307877,0.073721021123065,1240,7.305040496324107,0,10,0,0
1073,-0.011630374307877,0.073721021123065,1240,7.305040496324107,0,0,0,0
1074,-0.011700464020364001,0.07372102112466901,1241,8.139493582808122,0,1,0,0
1075,-0.011776346970428,0.073750623075426,1242,8.661079845529445,0,2,0,0
1076,-0.011823927799404001,0.07377041077796201,1243,7.335973507373068,0,3,0,0
1077,-0.011861682783916002,0.073786112177485,1244,6.412539093108044,0,4,0,0
1078,-0.011836670639510001,0.073997000466041,1245,6.512939921259027,0,5,0,0
1079,-0.011767127542682,0.074062268262158,1246,6.884588142855797,0,6,0,0
1080,-0.011738537274659,0.07413909925313701,1247,7.112669047833644,0,7,0,0
1081,-0.011734180434409,0.074243236705591,1248,7.247642422141414,0,8,0,0
1082,-0.01185128170723,0.074344601905298,1249,7.291219206365272,0,9,0,0
1083,-0.011905405898005001,0.074439453220337,1250,8.71586362333724,0,10,0,0
1084,-0.011905405898005001,0.074439453220337,1250,8.71586362333724,0,0,0,0
1085,-0.011964964158764002,0.07455482136908301,1251,10.260254195567194,0,1,0,0
1086,-0.012009821488902,0.074672326612887,1252,10.628340763302758,0,2,0,0
1087,-0.012065499549350002,0.074771167727972,1253,10.498519730325432,0,3,0,0
1088,-0.012119758641915002,0.0748744917229,1254,10.551239972397745,0,4,0,0
1089,-0.012172078376003,0.07497799383598401,1255,10.451959733181349,0,5,0,0
1090,-0.012238585322229,0.075061207019221,1256,10.108373213365505,0,6,0,0
1091,-0.012290697367255,0.07515306143684801,1257,9.401209930996856,0,7,0,0
1092,-0.012330209043390002,0.075226054466384,1258,8.233806978371893,0,8,0,0
1093,-0.012364925375194001,0.075290191585208,1259,7.281782526368004,0,9,0,0
1094,-0.012399202907424,0.07535351806670701,1260,6.518221746794966,0,10,0,0
1095,-0.012399202907424,0.07535351806670701,1260,6.518221746794966,0,0,0,0
1096,-0.012399202907424,0.07535351806670701,1260,6.518221746794966,0,1,0,0
1097,-0.012399202907424,0.07535351806670701,1260,6.518221746794966,0,0,0,0
1098,-0.012416502761013,0.075417722967882,1261,5.877572459554689,0,1,0,0
1099,-0.012453613206403001,0.07547259156923901,1262,5.950288157109359,0,2,0,0
1100,-0.012509137803164,0.07549540547236601,1263,5.4334928206072854,0,3,0,0
1101,-0.012525372887900002,0.075548782222666,1264,4.542768253389218,0,4,0,0
1102,-0.012554628940499002,0.07555557974172601,1265,3.426836359595879,0,5,0,0
1103,-0.012584114318407,0.07552893271498201,1266,2.202474655028979,0,6,0,0
1104,-0.0125937479729,0.075535287022647,1268,0.394354102437007,0,7,0,0
1105,-0.0125937479729,0.075535287022647,1270,0.394354102437007,0,8,0,0
1106,-0.012605413205434,0.075542981420413,1271,0.43726574585329203,0,9,0,0
1107,-0.012605413205434,0.075542981420413,1275,0.43726574585329203,0,10,0,0
1108,-0.012619568301701,0.07555231810549,1276,0.7248619725379121,0,11,0,0
1109,-0.012633188968514002,0.075561302269187,1278,0.62914571391812,0,12,0,0
1110,-0.012648935332478002,0.075571688573713,1280,1.01866271224434,0,13,0,0
1111,-0.012648935332478002,0.075571688573713,1280,1.01866271224434,0,14,0,0
1112,-0.012667942901416,0.075584225907961,1281,1.834348510828984,0,15,0,0
1113,-0.012679287797965,0.07559170898266501,1282,1.734888137769608,0,16,0,0
1114,-0.012696812244811001,0.075603268094125,1283,2.01588302463545,0,17,0,0
1115,-0.012722081550244001,0.07561993562343901,1284,2.770677450103034,0,18,0,0
1116,-0.01274823414846,0.07563579949525501,1285,3.148521382388447,0,19,0,0
1117,-0.012786682404446002,0.075648223870247,1286,3.932370733777927,0,20,0,0
1118,-0.012825362518896,0.075669179388214,1287,4.222823459655361,0,21,0,0
1119,-0.012870840671148001,0.0756972344215,1288,4.973353498201823,0,22,0,0
1120,-0.012912201010450002,0.075725060605243,1289,5.233422465909276,0,23,0,0
1121,-0.012957323714957001,0.075754131862186,1290,5.5536939874321725,0,24,0,0
1122,-0.012957323714957001,0.075754131862186,1290,5.5536939874321725,0,0,0,0
1123,-0.013005678729612,0.07578792421430301,1291,5.956051729043447,0,1,0,0
1124,-0.013058193392957001,0.075823153191011,1292,6.29841253797292,0,2,0,0
1125,-0.013116629259371002,0.075866643087715,1293,6.942823991429801,0,3,0,0
1126,-0.013175925705859001,0.07591403429188501,1294,7.352799737171987,0,4,0,0
1127,-0.013228774740774002,0.075949737896408,1295,6.6492118249441265,0,5,0,0
1128,-0.013268033483477002,0.07598138367915201,1296,5.497157257095399,0,6,0,0
1129,-0.013292989265330001,0.07597917955517,1297,3.634694597981577,0,7,0,0
1130,-0.013304294195023,0.075983869392684,1298,2.186253184462003,0,8,0,0
1131,-0.013294233752219001,0.07597693212617601,1299,0.0,0,9,0,0
1132,-0.013294233752219001,0.07597693212617601,1300,0.0,0,10,0,0
1133,-0.013302699362490001,0.07598505278176,1304,0.0,0,11,0,0
1134,-0.013302699362490001,0.07598505278176,1305,0.0,0,12,0,0
1135,-0.013302699362490001,0.07598505278176,1310,0.0,0,13,0,0
1136,-0.013304332084416,0.07599744125287801,1314,0.0,0,14,0,0
1137,-0.013304332084416,0.07599744125287801,1315,0.0,0,15,0,0
1138,-0.013304332084416,0.07599744125287801,1320,0.0,0,16,0,0
1139,-0.013296487204954001,0.07600706407100301,1324,0.0,0,17,0,0
1140,-0.013296487204954001,0.07600706407100301,1325,0.0,0,18,0,0
1141,-0.013296487204954001,0.07600706407100301,1330,0.0,0,19,0,0
1142,-0.013298529273967002,0.07602105449958,1331,0.0,0,20,0,0
1143,-0.013305021637421002,0.07600763831026501,1335,0.0,0,21,0,0
1144,-0.013305021637421002,0.07600763831026501,1335,0.0,0,22,0,0
1145,-0.013305021637421002,0.07600763831026501,1340,0.0,0,23,0,0
1146,-0.013313203711497001,0.07601310151451701,1341,0.0,0,24,0,0
1147,-0.013331513547043001,0.076025327252128,1345,0.0,0,25,0,0
1148,-0.013331513547043001,0.076025327252128,1345,0.0,0,26,0,0
1149,-0.013357387826509,0.076042603781468,1346,2.354959433226398,0,27,0,0
1150,-0.013391042332628,0.076043503400606,1347,3.935351795112526,0,28,0,0
1151,-0.013424384583643001,0.076064159137523,1348,4.954894838261321,0,29,0,0
1152,-0.013466097889470001,0.07609115066784601,1349,5.717356910726963,0,30,0,0
1153,-0.013513521696381,0.07612248131712901,1350,5.846406442513832,0,31,0,0
1154,-0.013513521696381,0.07612248131712901,1350,5.846406442513832,0,0,0,0
1155,-0.013563724033403002,0.076155460662384,1351,5.9686492022609325,0,1,0,0
1156,-0.013613009413433,0.07618818529457201,1352,5.89998501785067,0,2,0,0
1157,-0.013658820891308002,0.076218561909682,1353,5.797196215864066,0,3,0,0
1158,-0.013694049848169002,0.076242783642991,1354,5.261712085402065,0,4,0,0
1159,-0.013736763821341001,0.07627179910323001,1355,5.045468468927572,0,5,0,0
1160,-0.013781177775463001,0.07630167943921601,1356,4.952141712136362,0,6,0,0
1161,-0.013781177775463001,0.07630167943921601,1356,4.952141712136362,0,7,0,0
1162,-0.013817128036961002,0.07632536618588401,1357,4.447972205662893,0,8,0,0
1163,-0.013851981574788001,0.076348649825851,1358,4.235536795779301,0,9,0,0
1164,-0.013886959834700001,0.076371681158617,1359,4.198774154148412,0,10,0,0
1165,-0.013916306037259001,0.07639118513521301,1360,3.68950831484294,0,11,0,0
1166,-0.013945513625195001,0.07641173303170101,1361,2.411969074218797,0,12,0,0
1167,-0.013961026121869,0.07642254758655101,1362,1.604570702134028,0,13,0,0
1168,-0.013975462272917,0.076433740423306,1364,0.0,0,14,0,0
1169,-0.013975462272917,0.076433740423306,1365,0.0,0,15,0,0
1170,-0.013986397021632001,0.07644182039105901,1366,0.0,0,16,0,0
1171,-0.013986397021632001,0.07644182039105901,1370,0.0,0,17,0,0
1172,-0.01399079219535,0.076453620505638,1372,0.0,0,18,0,0
1173,-0.01399079219535,0.076453620505638,1375,0.0,0,19,0,0
1174,-0.013987845213229001,0.076466078086033,1376,0.0,0,20,0,0
1175,-0.013981495341603001,0.076477792238639,1379,0.0,0,21,0,0
1176,-0.013981495341603001,0.076477792238639,1380,0.0,0,22,0,0
1177,-0.013984785143549,0.07646152370851801,1381,0.0,0,23,0,0
1178,-0.013984785143549,0.07646152370851801,1385,0.0,0,24,0,0
1179,-0.013993090637875,0.076467069373647,1387,0.0,0,25,0,0
1180,-0.013993090637875,0.076467069373647,1390,0.0,0,0,0,0
1181,-0.013993090637875,0.076467069373647,1390,0.0,0,1,0,0
1182,-0.013984732184688,0.07646148836786301,1394,0.0,0,2,0,0
1183,-0.013984732184688,0.07646148836786301,1395,0.0,0,3,0,0
1184,-0.013974925828257,0.07647878742047301,1397,0.0,0,4,0,0
1185,-0.013966768912538001,0.07647263633661901,1399,0.0,0,5,0,0
1186,-0.013966768912538001,0.07647263633661901,1400,0.0,0,6,0,0
1187,-0.013965472932461,0.076448628718754,1403,0.0,0,7,0,0
1188,-0.013996180127158002,0.07646913228464401,1405,2.348232733900009,0,8,0,0
1189,-0.013996180127158002,0.07646913228464401,1405,2.348232733900009,0,9,0,0
1190,-0.013996180127158002,0.07646913228464401,1405,2.348232733900009,0,0,0,0
1191,-0.014018680260278001,0.076484155829822,1406,2.768128479821474,0,1,0,0
1192,-0.014042881290208002,0.076500315122125,1407,3.184861363896799,0,2,0,0
1193,-0.014058727301126001,0.076520801944576,1408,3.924229887605107,0,3,0,0
1194,-0.014005088936094002,0.076655656452144,1409,4.77004896800293,0,4,0,0
1195,-0.013985613188459001,0.07672884998378,1410,5.00168984334874,0,5,0,0
